{"stats":{"minecraft:broken":{"minecraft:wooden_axe":1,"minecraft:golden_shovel":1},"minecraft:mined":{"minecraft:smithing_table":1,"minecraft:white_bed":4,"minecraft:kelp_plant":1,"minecraft:smoker":1,"minecraft:snow_block":3,"minecraft:powder_snow":9,"minecraft:crafting_table":5,"minecraft:blast_furnace":1,"minecraft:short_grass":8,"minecraft:grass_block":24,"minecraft:chest":1,"minecraft:tall_grass":2,"minecraft:spruce_leaves":2,"minecraft:sugar_cane":15,"minecraft:kelp":1,"minecraft:large_fern":1,"minecraft:hay_block":12,"minecraft:tall_seagrass":2,"minecraft:furnace":3,"minecraft:carrots":6,"minecraft:wheat":13,"minecraft:sweet_berry_bush":1,"minecraft:snow":1,"minecraft:birch_leaves":2,"minecraft:pumpkin":4,"minecraft:oak_log":27,"minecraft:potatoes":35,"minecraft:coal_ore":24,"minecraft:dirt":29,"minecraft:stone":28,"minecraft:oak_leaves":11},"minecraft:killed_by":{"minecraft:skeleton":1},"minecraft:custom":{"minecraft:interact_with_furnace":7,"minecraft:mob_kills":37,"minecraft:interact_with_crafting_table":7,"minecraft:leave_game":9,"minecraft:time_since_death":70128,"minecraft:sleep_in_bed":4,"minecraft:time_since_rest":5060,"minecraft:sprint_one_cm":277575,"minecraft:damage_taken":919,"minecraft:walk_one_cm":89648,"minecraft:drop":10,"minecraft:damage_dealt":5793,"minecraft:swim_one_cm":19108,"minecraft:fly_one_cm":441583,"minecraft:open_chest":7,"minecraft:crouch_one_cm":287,"minecraft:play_time":86674,"minecraft:deaths":1,"minecraft:sneak_time":128,"minecraft:walk_under_water_one_cm":4052,"minecraft:boat_one_cm":232379,"minecraft:jump":1828,"minecraft:walk_on_water_one_cm":12544,"minecraft:total_world_time":86674,"minecraft:fall_one_cm":53386},"minecraft:used":{"minecraft:cooked_mutton":7,"minecraft:stone_sword":114,"minecraft:stone_pickaxe":59,"minecraft:wooden_pickaxe":23,"minecraft:rotten_flesh":3,"minecraft:dirt":26,"minecraft:mutton":1,"minecraft:crafting_table":5,"minecraft:white_bed":4,"minecraft:golden_shovel":33,"minecraft:wooden_axe":46,"minecraft:chicken":1,"minecraft:bread":5,"minecraft:stone_axe":17,"minecraft:furnace":2,"minecraft:oak_boat":9},"minecraft:crafted":{"minecraft:oak_planks":32,"minecraft:crafting_table":1,"minecraft:wooden_pickaxe":1,"minecraft:furnace":1,"minecraft:stone_axe":1,"minecraft:cooked_mutton":7,"minecraft:air":0,"minecraft:oak_boat":1,"minecraft:stick":12,"minecraft:stone_pickaxe":1,"minecraft:wooden_axe":1,"minecraft:stone_sword":1,"minecraft:white_bed":1},"minecraft:dropped":{"minecraft:snow_block":3,"minecraft:sweet_berries":3,"minecraft:wheat_seeds":13,"minecraft:rotten_flesh":5,"minecraft:oak_planks":4,"minecraft:spruce_leaves":1,"minecraft:snow":1,"minecraft:wooden_pickaxe":1},"minecraft:picked_up":{"minecraft:spruce_leaves":1,"minecraft:crafting_table":5,"minecraft:chicken":2,"minecraft:smithing_table":1,"minecraft:leather":11,"minecraft:golden_leggings":2,"minecraft:smoker":1,"minecraft:potato":34,"minecraft:golden_shovel":1,"minecraft:oak_log":27,"minecraft:dirt":47,"minecraft:string":2,"minecraft:flint_and_steel":1,"minecraft:snow":1,"minecraft:kelp":8,"minecraft:wheat_seeds":15,"minecraft:iron_ingot":9,"minecraft:beef":17,"minecraft:oak_boat":9,"minecraft:sugar_cane":39,"minecraft:chest":1,"minecraft:oak_planks":4,"minecraft:furnace":3,"minecraft:pumpkin":4,"minecraft:sweet_berries":3,"minecraft:snow_block":3,"minecraft:porkchop":10,"minecraft:carrot":6,"minecraft:blast_furnace":1,"minecraft:grass_block":4,"minecraft:white_bed":4,"minecraft:rotten_flesh":8,"minecraft:hay_block":12,"minecraft:obsidian":1,"minecraft:mutton":31,"minecraft:coal":45,"minecraft:white_wool":11,"minecraft:cobblestone":28},"minecraft:killed":{"minecraft:wolf":2,"minecraft:pig":5,"minecraft:spider":1,"minecraft:iron_golem":2,"minecraft:sheep":11,"minecraft:zombie":3,"minecraft:chicken":2,"minecraft:turtle":1,"minecraft:cow":9}},"DataVersion":3953}