{"stats":{"minecraft:crafted":{"minecraft:oak_planks":920,"minecraft:diamond_shovel":1,"minecraft:cooked_mutton":7,"minecraft:hopper":53,"minecraft:diamond_helmet":1,"minecraft:diamond_leggings":1,"minecraft:bow":1,"minecraft:iron_boots":1,"minecraft:chest":64,"minecraft:golden_boots":1,"minecraft:emerald":15,"minecraft:diamond_axe":1,"minecraft:crafting_table":5,"minecraft:iron_helmet":1,"minecraft:wooden_pickaxe":1,"minecraft:baked_potato":24,"minecraft:fletching_table":1,"minecraft:birch_planks":72,"minecraft:iron_chestplate":1,"minecraft:diamond_pickaxe":1,"minecraft:shield":1,"minecraft:stick":540,"minecraft:iron_ingot":169,"minecraft:iron_pickaxe":1,"minecraft:iron_block":429,"minecraft:stone_sword":1,"minecraft:furnace":2,"minecraft:bone_meal":228,"minecraft:iron_hoe":1,"minecraft:stone_pickaxe":1,"minecraft:wheat":117,"minecraft:cooked_beef":23,"minecraft:bucket":2,"minecraft:stone_axe":1,"minecraft:bread":36,"minecraft:air":0,"minecraft:oak_boat":6,"minecraft:white_wool":23,"minecraft:wooden_axe":1,"minecraft:white_bed":3,"minecraft:torch":108,"minecraft:diamond_chestplate":1},"minecraft:used":{"minecraft:dispenser":12,"minecraft:ladder":14,"minecraft:oak_sign":9,"minecraft:chest":51,"minecraft:shield":46,"minecraft:stone":1,"minecraft:zombie_spawn_egg":48,"minecraft:rotten_flesh":3,"minecraft:soul_sand":3,"minecraft:mutton":1,"minecraft:carrot":52,"minecraft:obsidian":14,"minecraft:glass":316,"minecraft:lava_bucket":26,"minecraft:villager_spawn_egg":9,"minecraft:grass_block":11,"minecraft:iron_helmet":1,"minecraft:repeater":34,"minecraft:bow":4,"minecraft:oak_sapling":3,"minecraft:furnace":5,"minecraft:egg":8,"minecraft:potato":122,"minecraft:golden_boots":2,"minecraft:stone_pickaxe":75,"minecraft:oak_planks":168,"minecraft:blackstone":10,"minecraft:wooden_pickaxe":23,"minecraft:composter":5,"minecraft:sugar_cane":56,"minecraft:diamond_axe":997,"minecraft:sand":1,"minecraft:blast_furnace":2,"minecraft:lever":2,"minecraft:bread":68,"minecraft:lectern":89,"minecraft:smithing_table":1,"minecraft:oak_boat":25,"minecraft:bone_meal":88,"minecraft:oak_fence":28,"minecraft:oak_trapdoor":50,"minecraft:stone_sword":119,"minecraft:flint_and_steel":2,"minecraft:redstone":5,"minecraft:netherrack":105,"minecraft:oak_door":8,"minecraft:torch":304,"minecraft:brewing_stand":1,"minecraft:dirt":1435,"minecraft:anvil":1,"minecraft:hopper":72,"minecraft:diamond_helmet":1,"minecraft:golden_shovel":33,"minecraft:oak_fence_gate":15,"minecraft:iron_hoe":135,"minecraft:wooden_axe":46,"minecraft:iron_boots":1,"minecraft:diamond_chestplate":1,"minecraft:golden_carrot":17,"minecraft:cooked_beef":6,"minecraft:cobbled_deepslate":41,"minecraft:observer":19,"minecraft:wheat_seeds":55,"minecraft:cooked_mutton":7,"minecraft:water_bucket":114,"minecraft:cobblestone_stairs":26,"minecraft:baked_potato":24,"minecraft:cauldron":4,"minecraft:fletching_table":2,"minecraft:stonecutter":3,"minecraft:cobblestone_slab":2180,"minecraft:polished_blackstone_bricks":16,"minecraft:comparator":2,"minecraft:oak_slab":14,"minecraft:crafting_table":12,"minecraft:white_bed":42,"minecraft:campfire":51,"minecraft:smoker":2,"minecraft:oak_log":66,"minecraft:diamond_pickaxe":714,"minecraft:diamond_shovel":1625,"minecraft:chicken":1,"minecraft:iron_pickaxe":185,"minecraft:stone_axe":71,"minecraft:cobblestone":820,"minecraft:bucket":109,"minecraft:yellow_bed":28,"minecraft:diamond_leggings":1},"minecraft:custom":{"minecraft:animals_bred":11,"minecraft:interact_with_crafting_table":56,"minecraft:bell_ring":16,"minecraft:leave_game":51,"minecraft:time_since_death":32271,"minecraft:sprint_one_cm":1509853,"minecraft:damage_blocked_by_shield":1568,"minecraft:drop":216,"minecraft:talked_to_villager":112,"minecraft:play_time":1248605,"minecraft:deaths":5,"minecraft:jump":9836,"minecraft:walk_on_water_one_cm":106395,"minecraft:interact_with_furnace":15,"minecraft:traded_with_villager":15,"minecraft:sleep_in_bed":40,"minecraft:damage_dealt":31528,"minecraft:crouch_one_cm":83357,"minecraft:interact_with_smoker":5,"minecraft:inspect_dispenser":14,"minecraft:interact_with_anvil":2,"minecraft:mob_kills":157,"minecraft:inspect_hopper":33,"minecraft:climb_one_cm":47079,"minecraft:walk_one_cm":858923,"minecraft:sneak_time":26116,"minecraft:walk_under_water_one_cm":103472,"minecraft:boat_one_cm":242920,"minecraft:interact_with_blast_furnace":9,"minecraft:total_world_time":1248605,"minecraft:interact_with_stonecutter":1,"minecraft:time_since_rest":32301,"minecraft:damage_taken":5607,"minecraft:swim_one_cm":114596,"minecraft:fly_one_cm":3183147,"minecraft:open_chest":471,"minecraft:fall_one_cm":200814},"minecraft:broken":{"minecraft:golden_shovel":1,"minecraft:stone_axe":1,"minecraft:wooden_axe":1,"minecraft:stone_sword":1},"minecraft:dropped":{"minecraft:soul_sand":27,"minecraft:porkchop":3,"minecraft:diamond_axe":4,"minecraft:lapis_lazuli":87,"minecraft:cooked_beef":19,"minecraft:leather":69,"minecraft:flint":1,"minecraft:emerald":3,"minecraft:spruce_leaves":1,"minecraft:dirt":121,"minecraft:dispenser":10,"minecraft:cornflower":1,"minecraft:mutton":2,"minecraft:sand":6,"minecraft:gold_ingot":60,"minecraft:bone":20,"minecraft:oak_door":2,"minecraft:gravel":2,"minecraft:stone_axe":1,"minecraft:golden_chestplate":2,"minecraft:rotten_flesh":23,"minecraft:oak_planks":8,"minecraft:diamond_shovel":3,"minecraft:white_bed":2,"minecraft:carrot":96,"minecraft:beetroot_seeds":9,"minecraft:chest":3,"minecraft:ladder":21,"minecraft:basalt":188,"minecraft:glass":1,"minecraft:quartz":2,"minecraft:netherrack":22,"minecraft:lectern":1,"minecraft:egg":2,"minecraft:iron_ingot":26,"minecraft:golden_boots":2,"minecraft:bread":25,"minecraft:wheat_seeds":92,"minecraft:diamond_leggings":2,"minecraft:cobblestone":62,"minecraft:lead":4,"minecraft:spectral_arrow":128,"minecraft:observer":11,"minecraft:coal":114,"minecraft:golden_apple":1,"minecraft:stick":3,"minecraft:lava_bucket":1,"minecraft:torch":1,"minecraft:diamond_helmet":2,"minecraft:iron_leggings":1,"minecraft:oak_stairs":2,"minecraft:stonecutter":4,"minecraft:string":12,"minecraft:bucket":2,"minecraft:dandelion":3,"minecraft:snow_block":3,"minecraft:zombie_spawn_egg":7,"minecraft:sweet_berries":3,"minecraft:oak_trapdoor":23,"minecraft:composter":67,"minecraft:raw_iron":43,"minecraft:iron_boots":7,"minecraft:oak_sign":9,"minecraft:snow":1,"minecraft:cobblestone_slab":768,"minecraft:potato":71,"minecraft:diamond_chestplate":1,"minecraft:iron_chestplate":1,"minecraft:diamond_pickaxe":1,"minecraft:andesite":9,"minecraft:yellow_bed":1,"minecraft:oak_boat":8,"minecraft:oak_sapling":9,"minecraft:golden_sword":1,"minecraft:spider_eye":2,"minecraft:wooden_pickaxe":1},"minecraft:killed":{"minecraft:spider":9,"minecraft:skeleton":19,"minecraft:chicken":2,"minecraft:turtle":1,"minecraft:piglin_brute":2,"minecraft:wolf":2,"minecraft:piglin":3,"minecraft:pig":11,"minecraft:iron_golem":5,"minecraft:creeper":7,"minecraft:sheep":15,"minecraft:trader_llama":6,"minecraft:pillager":1,"minecraft:zombie":48,"minecraft:cow":12,"minecraft:horse":2,"minecraft:drowned":1,"minecraft:wandering_trader":3,"minecraft:villager":1,"minecraft:enderman":2},"minecraft:killed_by":{"minecraft:piglin_brute":1,"minecraft:skeleton":1},"minecraft:picked_up":{"minecraft:iron_chestplate":2,"minecraft:wheat":23,"minecraft:smithing_table":2,"minecraft:lead":24,"minecraft:oak_stairs":3,"minecraft:golden_shovel":1,"minecraft:gilded_blackstone":28,"minecraft:brewing_stand":2,"minecraft:golden_sword":1,"minecraft:polished_blackstone_brick_stairs":2,"minecraft:string":43,"minecraft:raw_copper":33,"minecraft:iron_leggings":2,"minecraft:oak_sign":9,"minecraft:diamond_leggings":3,"minecraft:gold_nugget":14,"minecraft:cobbled_deepslate":81,"minecraft:comparator":2,"minecraft:bucket":2,"minecraft:cobblestone_slab":3343,"minecraft:netherite_upgrade_smithing_template":2,"minecraft:iron_pickaxe":2,"minecraft:furnace":5,"minecraft:iron_boots":8,"minecraft:stick":19,"minecraft:composter":72,"minecraft:oak_fence":28,"minecraft:torch":24,"minecraft:snow_block":3,"minecraft:porkchop":27,"minecraft:golden_chestplate":2,"minecraft:cauldron":8,"minecraft:rotten_flesh":78,"minecraft:obsidian":11,"minecraft:cobblestone":1868,"minecraft:birch_log":18,"minecraft:magma_block":27,"minecraft:magma_cream":20,"minecraft:feather":1,"minecraft:cooked_beef":38,"minecraft:repeater":32,"minecraft:water_bucket":3,"minecraft:andesite":15,"minecraft:golden_leggings":3,"minecraft:smoker":2,"minecraft:potato":463,"minecraft:flint":3,"minecraft:tuff":42,"minecraft:lapis_lazuli":174,"minecraft:dirt":1964,"minecraft:glass":66,"minecraft:bone":62,"minecraft:stonecutter":10,"minecraft:bow":3,"minecraft:wheat_seeds":288,"minecraft:raw_gold":125,"minecraft:diamond_helmet":3,"minecraft:fletching_table":1,"minecraft:oak_planks":122,"minecraft:cooked_porkchop":2,"minecraft:sand":146,"minecraft:grass_block":9,"minecraft:spectral_arrow":64,"minecraft:dispenser":10,"minecraft:diamond":66,"minecraft:lever":2,"minecraft:cracked_polished_blackstone_bricks":14,"minecraft:crossbow":2,"minecraft:golden_apple":1,"minecraft:emerald":4,"minecraft:bread":53,"minecraft:oak_sapling":19,"minecraft:netherrack":67,"minecraft:diamond_pickaxe":6,"minecraft:spruce_leaves":1,"minecraft:charcoal":10,"minecraft:crafting_table":9,"minecraft:azure_bluet":6,"minecraft:ladder":24,"minecraft:chicken":3,"minecraft:nether_wart":3,"minecraft:clay_ball":16,"minecraft:gold_block":3,"minecraft:chain":4,"minecraft:shield":3,"minecraft:cornflower":6,"minecraft:oak_trapdoor":26,"minecraft:flint_and_steel":1,"minecraft:snow":1,"minecraft:blackstone":45,"minecraft:beef":43,"minecraft:oak_boat":30,"minecraft:observer":11,"minecraft:chest":22,"minecraft:poppy":11,"minecraft:lectern":89,"minecraft:sugar_cane":287,"minecraft:egg":9,"minecraft:raw_iron":129,"minecraft:sandstone":1,"minecraft:oak_door":2,"minecraft:fire_charge":1,"minecraft:polished_blackstone_bricks":43,"minecraft:carrot":38,"minecraft:redstone":217,"minecraft:arrow":73,"minecraft:diamond_chestplate":2,"minecraft:beetroot_seeds":15,"minecraft:hay_block":13,"minecraft:gold_ingot":137,"minecraft:mutton":46,"minecraft:white_wool":14,"minecraft:oxeye_daisy":7,"minecraft:basalt":281,"minecraft:golden_carrot":34,"minecraft:leather":116,"minecraft:red_mushroom":2,"minecraft:oak_log":308,"minecraft:golden_boots":3,"minecraft:yellow_bed":25,"minecraft:gunpowder":8,"minecraft:cobblestone_stairs":2,"minecraft:apple":2,"minecraft:kelp":16,"minecraft:oak_fence_gate":7,"minecraft:iron_ingot":80,"minecraft:soul_sand":43,"minecraft:iron_sword":2,"minecraft:oak_slab":13,"minecraft:pumpkin":4,"minecraft:sweet_berries":3,"minecraft:quartz":31,"minecraft:dandelion":29,"minecraft:gravel":15,"minecraft:lava_bucket":2,"minecraft:blast_furnace":4,"minecraft:white_bed":40,"minecraft:crying_obsidian":1,"minecraft:spider_eye":11,"minecraft:diamond_shovel":8,"minecraft:campfire":49,"minecraft:stone_axe":1,"minecraft:iron_helmet":2,"minecraft:diamond_axe":6,"minecraft:baked_potato":4,"minecraft:coal":277,"minecraft:hopper":63,"minecraft:ender_pearl":2},"minecraft:mined":{"minecraft:white_bed":35,"minecraft:farmland":50,"minecraft:cobblestone_stairs":2,"minecraft:brewing_stand":2,"minecraft:obsidian":11,"minecraft:grass_block":730,"minecraft:cracked_polished_blackstone_bricks":7,"minecraft:composter":4,"minecraft:hopper":10,"minecraft:nether_wart":1,"minecraft:oxeye_daisy":5,"minecraft:polished_blackstone_bricks":26,"minecraft:tall_seagrass":2,"minecraft:magma_block":29,"minecraft:iron_ore":4,"minecraft:fire":1,"minecraft:pumpkin":4,"minecraft:fletching_table":1,"minecraft:deepslate_lapis_ore":6,"minecraft:azure_bluet":5,"minecraft:water_cauldron":4,"minecraft:dirt_path":47,"minecraft:oak_stairs":1,"minecraft:deepslate_redstone_ore":14,"minecraft:blackstone":31,"minecraft:kelp_plant":1,"minecraft:smoker":2,"minecraft:powder_snow":9,"minecraft:clay":4,"minecraft:torch":10,"minecraft:blast_furnace":4,"minecraft:chest":10,"minecraft:glass":12,"minecraft:nether_quartz_ore":15,"minecraft:cobblestone":17,"minecraft:sugar_cane":133,"minecraft:oak_planks":121,"minecraft:wall_torch":1,"minecraft:cauldron":4,"minecraft:repeater":2,"minecraft:birch_log":18,"minecraft:wheat":57,"minecraft:oak_log":302,"minecraft:beetroots":4,"minecraft:oak_fence_gate":7,"minecraft:sand":146,"minecraft:dirt":530,"minecraft:stonecutter":4,"minecraft:netherrack":37,"minecraft:oak_leaves":65,"minecraft:deepslate":32,"minecraft:tuff":6,"minecraft:deepslate_diamond_ore":27,"minecraft:oak_door":4,"minecraft:lever":1,"minecraft:ladder":1,"minecraft:redstone_wire":1,"minecraft:spruce_leaves":2,"minecraft:red_mushroom":2,"minecraft:kelp":1,"minecraft:sandstone":1,"minecraft:large_fern":1,"minecraft:hay_block":13,"minecraft:furnace":5,"minecraft:carrots":16,"minecraft:snow":1,"minecraft:andesite":3,"minecraft:gold_block":3,"minecraft:potatoes":127,"minecraft:deepslate_iron_ore":39,"minecraft:cobblestone_slab":17,"minecraft:stone":321,"minecraft:smithing_table":2,"minecraft:oak_slab":1,"minecraft:comparator":1,"minecraft:soul_sand":7,"minecraft:snow_block":3,"minecraft:basalt":95,"minecraft:dandelion":29,"minecraft:oak_fence":29,"minecraft:crafting_table":8,"minecraft:cornflower":3,"minecraft:short_grass":841,"minecraft:lectern":88,"minecraft:campfire":2,"minecraft:tall_grass":126,"minecraft:copper_ore":8,"minecraft:deepslate_gold_ore":49,"minecraft:polished_blackstone_brick_stairs":2,"minecraft:sweet_berry_bush":1,"minecraft:birch_leaves":2,"minecraft:yellow_bed":21,"minecraft:coal_ore":93,"minecraft:gravel":6}},"DataVersion":3953}