{"stats":{"minecraft:broken":{"minecraft:stone_sword":1,"minecraft:golden_shovel":1,"minecraft:stone_axe":1,"minecraft:wooden_axe":1},"minecraft:mined":{"minecraft:tuff":6,"minecraft:white_bed":30,"minecraft:farmland":50,"minecraft:deepslate_diamond_ore":27,"minecraft:oak_door":4,"minecraft:brewing_stand":2,"minecraft:obsidian":11,"minecraft:ladder":1,"minecraft:grass_block":340,"minecraft:spruce_leaves":2,"minecraft:kelp":1,"minecraft:composter":3,"minecraft:hopper":3,"minecraft:oxeye_daisy":4,"minecraft:large_fern":1,"minecraft:hay_block":12,"minecraft:tall_seagrass":2,"minecraft:magma_block":2,"minecraft:furnace":5,"minecraft:carrots":16,"minecraft:iron_ore":4,"minecraft:snow":1,"minecraft:andesite":3,"minecraft:pumpkin":4,"minecraft:deepslate_lapis_ore":6,"minecraft:azure_bluet":4,"minecraft:potatoes":41,"minecraft:dirt_path":11,"minecraft:deepslate_iron_ore":39,"minecraft:water_cauldron":4,"minecraft:oak_stairs":1,"minecraft:stone":128,"minecraft:smithing_table":2,"minecraft:deepslate_redstone_ore":14,"minecraft:blackstone":15,"minecraft:kelp_plant":1,"minecraft:snow_block":3,"minecraft:smoker":2,"minecraft:basalt":95,"minecraft:dandelion":16,"minecraft:powder_snow":9,"minecraft:clay":4,"minecraft:cornflower":3,"minecraft:crafting_table":7,"minecraft:torch":3,"minecraft:short_grass":443,"minecraft:blast_furnace":4,"minecraft:chest":4,"minecraft:nether_quartz_ore":1,"minecraft:tall_grass":88,"minecraft:glass":12,"minecraft:cobblestone":8,"minecraft:deepslate_gold_ore":49,"minecraft:oak_planks":90,"minecraft:sugar_cane":66,"minecraft:wall_torch":1,"minecraft:cauldron":4,"minecraft:wheat":46,"minecraft:sweet_berry_bush":1,"minecraft:birch_leaves":2,"minecraft:yellow_bed":21,"minecraft:coal_ore":93,"minecraft:oak_log":83,"minecraft:beetroots":4,"minecraft:oak_fence_gate":2,"minecraft:dirt":165,"minecraft:sand":71,"minecraft:stonecutter":4,"minecraft:netherrack":28,"minecraft:oak_leaves":19,"minecraft:deepslate":32},"minecraft:killed_by":{"minecraft:skeleton":1},"minecraft:custom":{"minecraft:mob_kills":131,"minecraft:inspect_hopper":27,"minecraft:interact_with_crafting_table":28,"minecraft:bell_ring":16,"minecraft:leave_game":24,"minecraft:time_since_death":711966,"minecraft:climb_one_cm":38967,"minecraft:sprint_one_cm":969768,"minecraft:walk_one_cm":426175,"minecraft:damage_blocked_by_shield":1173,"minecraft:drop":156,"minecraft:talked_to_villager":5,"minecraft:play_time":891734,"minecraft:sneak_time":5872,"minecraft:deaths":3,"minecraft:walk_under_water_one_cm":13074,"minecraft:boat_one_cm":242046,"minecraft:jump":6033,"minecraft:interact_with_blast_furnace":9,"minecraft:walk_on_water_one_cm":57374,"minecraft:total_world_time":891734,"minecraft:interact_with_furnace":7,"minecraft:sleep_in_bed":23,"minecraft:time_since_rest":2004,"minecraft:damage_taken":4100,"minecraft:damage_dealt":26701,"minecraft:swim_one_cm":51491,"minecraft:fly_one_cm":1732127,"minecraft:open_chest":157,"minecraft:crouch_one_cm":16792,"minecraft:interact_with_smoker":5,"minecraft:fall_one_cm":136225},"minecraft:used":{"minecraft:oak_trapdoor":24,"minecraft:stone_sword":119,"minecraft:flint_and_steel":2,"minecraft:ladder":14,"minecraft:oak_sign":9,"minecraft:chest":19,"minecraft:shield":35,"minecraft:zombie_spawn_egg":46,"minecraft:rotten_flesh":3,"minecraft:netherrack":105,"minecraft:soul_sand":1,"minecraft:torch":192,"minecraft:dirt":392,"minecraft:brewing_stand":1,"minecraft:mutton":1,"minecraft:hopper":13,"minecraft:carrot":1,"minecraft:golden_shovel":33,"minecraft:oak_fence_gate":6,"minecraft:obsidian":14,"minecraft:glass":215,"minecraft:wooden_axe":46,"minecraft:lava_bucket":3,"minecraft:villager_spawn_egg":2,"minecraft:iron_helmet":1,"minecraft:iron_boots":1,"minecraft:bow":1,"minecraft:furnace":4,"minecraft:egg":7,"minecraft:cobbled_deepslate":41,"minecraft:cooked_mutton":7,"minecraft:water_bucket":1,"minecraft:cauldron":4,"minecraft:baked_potato":11,"minecraft:stone_pickaxe":75,"minecraft:oak_planks":125,"minecraft:sugar_cane":56,"minecraft:wooden_pickaxe":23,"minecraft:diamond_axe":455,"minecraft:composter":3,"minecraft:stonecutter":2,"minecraft:oak_slab":6,"minecraft:crafting_table":10,"minecraft:blast_furnace":2,"minecraft:white_bed":32,"minecraft:smoker":2,"minecraft:oak_log":45,"minecraft:diamond_pickaxe":355,"minecraft:diamond_shovel":782,"minecraft:chicken":1,"minecraft:iron_pickaxe":185,"minecraft:bread":68,"minecraft:stone_axe":71,"minecraft:cobblestone":76,"minecraft:smithing_table":1,"minecraft:bucket":3,"minecraft:oak_boat":16,"minecraft:yellow_bed":28},"minecraft:crafted":{"minecraft:oak_planks":128,"minecraft:furnace":1,"minecraft:diamond_shovel":1,"minecraft:cooked_mutton":7,"minecraft:hopper":4,"minecraft:iron_boots":1,"minecraft:stone_pickaxe":1,"minecraft:chest":11,"minecraft:wheat":108,"minecraft:diamond_axe":1,"minecraft:crafting_table":4,"minecraft:iron_helmet":1,"minecraft:wooden_pickaxe":1,"minecraft:baked_potato":24,"minecraft:bucket":1,"minecraft:stone_axe":1,"minecraft:air":0,"minecraft:bread":36,"minecraft:oak_boat":6,"minecraft:iron_chestplate":1,"minecraft:diamond_pickaxe":1,"minecraft:shield":1,"minecraft:stick":52,"minecraft:iron_ingot":43,"minecraft:iron_pickaxe":1,"minecraft:wooden_axe":1,"minecraft:stone_sword":1,"minecraft:white_bed":1,"minecraft:torch":108},"minecraft:dropped":{"minecraft:iron_ingot":26,"minecraft:bread":25,"minecraft:soul_sand":27,"minecraft:wheat_seeds":73,"minecraft:diamond_axe":2,"minecraft:lapis_lazuli":87,"minecraft:cobblestone":59,"minecraft:lead":4,"minecraft:leather":69,"minecraft:coal":114,"minecraft:emerald":3,"minecraft:stick":2,"minecraft:spruce_leaves":1,"minecraft:dirt":118,"minecraft:torch":1,"minecraft:iron_leggings":1,"minecraft:oak_stairs":2,"minecraft:stonecutter":4,"minecraft:string":12,"minecraft:dandelion":2,"minecraft:gold_ingot":60,"minecraft:bone":20,"minecraft:oak_door":2,"minecraft:snow_block":3,"minecraft:stone_axe":1,"minecraft:zombie_spawn_egg":7,"minecraft:sweet_berries":3,"minecraft:oak_trapdoor":21,"minecraft:composter":67,"minecraft:raw_iron":43,"minecraft:rotten_flesh":23,"minecraft:oak_planks":8,"minecraft:iron_boots":7,"minecraft:diamond_shovel":1,"minecraft:white_bed":2,"minecraft:oak_sign":9,"minecraft:snow":1,"minecraft:potato":18,"minecraft:iron_chestplate":1,"minecraft:beetroot_seeds":9,"minecraft:andesite":9,"minecraft:yellow_bed":1,"minecraft:oak_boat":8,"minecraft:oak_sapling":9,"minecraft:ladder":21,"minecraft:spider_eye":2,"minecraft:basalt":188,"minecraft:glass":1,"minecraft:wooden_pickaxe":1,"minecraft:quartz":2,"minecraft:netherrack":22,"minecraft:egg":2},"minecraft:picked_up":{"minecraft:spruce_leaves":1,"minecraft:iron_chestplate":1,"minecraft:crafting_table":8,"minecraft:wheat":14,"minecraft:azure_bluet":5,"minecraft:chicken":2,"minecraft:ladder":24,"minecraft:clay_ball":16,"minecraft:smithing_table":2,"minecraft:lead":17,"minecraft:oak_stairs":3,"minecraft:golden_shovel":1,"minecraft:brewing_stand":2,"minecraft:shield":2,"minecraft:cornflower":4,"minecraft:oak_trapdoor":25,"minecraft:string":37,"minecraft:flint_and_steel":1,"minecraft:snow":1,"minecraft:iron_leggings":1,"minecraft:blackstone":15,"minecraft:oak_sign":9,"minecraft:cobbled_deepslate":81,"minecraft:beef":40,"minecraft:oak_boat":23,"minecraft:poppy":11,"minecraft:iron_pickaxe":2,"minecraft:sugar_cane":144,"minecraft:chest":3,"minecraft:furnace":5,"minecraft:iron_boots":7,"minecraft:egg":8,"minecraft:stick":14,"minecraft:raw_iron":129,"minecraft:oak_door":2,"minecraft:composter":71,"minecraft:torch":11,"minecraft:snow_block":3,"minecraft:porkchop":15,"minecraft:carrot":37,"minecraft:redstone":180,"minecraft:cauldron":8,"minecraft:arrow":34,"minecraft:rotten_flesh":75,"minecraft:beetroot_seeds":15,"minecraft:hay_block":12,"minecraft:gold_ingot":120,"minecraft:obsidian":11,"minecraft:mutton":41,"minecraft:white_wool":11,"minecraft:cobblestone":274,"minecraft:oxeye_daisy":6,"minecraft:basalt":281,"minecraft:andesite":15,"minecraft:leather":115,"minecraft:golden_leggings":3,"minecraft:smoker":2,"minecraft:potato":64,"minecraft:tuff":42,"minecraft:oak_log":89,"minecraft:yellow_bed":25,"minecraft:gunpowder":7,"minecraft:lapis_lazuli":174,"minecraft:dirt":852,"minecraft:glass":1,"minecraft:bone":46,"minecraft:kelp":16,"minecraft:bow":3,"minecraft:stonecutter":10,"minecraft:wheat_seeds":215,"minecraft:raw_gold":116,"minecraft:iron_ingot":79,"minecraft:oak_fence_gate":2,"minecraft:oak_planks":91,"minecraft:soul_sand":36,"minecraft:oak_slab":12,"minecraft:pumpkin":4,"minecraft:sweet_berries":3,"minecraft:quartz":3,"minecraft:dandelion":17,"minecraft:gravel":9,"minecraft:sand":71,"minecraft:blast_furnace":4,"minecraft:white_bed":35,"minecraft:grass_block":8,"minecraft:spider_eye":11,"minecraft:diamond_shovel":2,"minecraft:diamond":66,"minecraft:stone_axe":1,"minecraft:iron_helmet":2,"minecraft:diamond_axe":2,"minecraft:emerald":4,"minecraft:bread":53,"minecraft:oak_sapling":11,"minecraft:netherrack":49,"minecraft:coal":277,"minecraft:diamond_pickaxe":1,"minecraft:hopper":7,"minecraft:ender_pearl":1},"minecraft:killed":{"minecraft:spider":9,"minecraft:skeleton":13,"minecraft:chicken":2,"minecraft:turtle":1,"minecraft:wolf":2,"minecraft:pig":7,"minecraft:iron_golem":5,"minecraft:wandering_trader":3,"minecraft:creeper":7,"minecraft:sheep":11,"minecraft:trader_llama":6,"minecraft:pillager":1,"minecraft:zombie":47,"minecraft:villager":1,"minecraft:enderman":1,"minecraft:cow":11}},"DataVersion":3953}