{"stats":{"minecraft:broken":{"minecraft:stone_sword":1,"minecraft:golden_shovel":1,"minecraft:stone_axe":1,"minecraft:wooden_axe":1},"minecraft:mined":{"minecraft:tuff":6,"minecraft:white_bed":27,"minecraft:deepslate_diamond_ore":27,"minecraft:oak_door":1,"minecraft:brewing_stand":2,"minecraft:obsidian":11,"minecraft:ladder":1,"minecraft:grass_block":227,"minecraft:spruce_leaves":2,"minecraft:kelp":1,"minecraft:composter":2,"minecraft:hopper":3,"minecraft:oxeye_daisy":2,"minecraft:large_fern":1,"minecraft:hay_block":12,"minecraft:tall_seagrass":2,"minecraft:magma_block":2,"minecraft:furnace":5,"minecraft:carrots":15,"minecraft:iron_ore":4,"minecraft:snow":1,"minecraft:andesite":3,"minecraft:pumpkin":4,"minecraft:deepslate_lapis_ore":6,"minecraft:azure_bluet":1,"minecraft:potatoes":41,"minecraft:dirt_path":11,"minecraft:deepslate_iron_ore":39,"minecraft:water_cauldron":4,"minecraft:oak_stairs":1,"minecraft:stone":123,"minecraft:smithing_table":2,"minecraft:deepslate_redstone_ore":14,"minecraft:blackstone":15,"minecraft:kelp_plant":1,"minecraft:snow_block":3,"minecraft:smoker":2,"minecraft:basalt":95,"minecraft:dandelion":10,"minecraft:powder_snow":9,"minecraft:cornflower":1,"minecraft:crafting_table":6,"minecraft:short_grass":290,"minecraft:blast_furnace":4,"minecraft:chest":4,"minecraft:glass":12,"minecraft:nether_quartz_ore":1,"minecraft:tall_grass":18,"minecraft:cobblestone":7,"minecraft:deepslate_gold_ore":49,"minecraft:oak_planks":90,"minecraft:sugar_cane":21,"minecraft:wall_torch":1,"minecraft:cauldron":4,"minecraft:wheat":45,"minecraft:sweet_berry_bush":1,"minecraft:birch_leaves":2,"minecraft:yellow_bed":21,"minecraft:oak_log":27,"minecraft:coal_ore":54,"minecraft:beetroots":4,"minecraft:oak_fence_gate":2,"minecraft:dirt":97,"minecraft:sand":2,"minecraft:stonecutter":4,"minecraft:netherrack":28,"minecraft:oak_leaves":19,"minecraft:deepslate":32},"minecraft:killed_by":{"minecraft:skeleton":1},"minecraft:custom":{"minecraft:mob_kills":127,"minecraft:inspect_hopper":8,"minecraft:interact_with_crafting_table":27,"minecraft:bell_ring":16,"minecraft:leave_game":15,"minecraft:time_since_death":410970,"minecraft:climb_one_cm":24425,"minecraft:sprint_one_cm":796290,"minecraft:walk_one_cm":333083,"minecraft:damage_blocked_by_shield":1173,"minecraft:drop":78,"minecraft:talked_to_villager":4,"minecraft:play_time":590738,"minecraft:sneak_time":5703,"minecraft:deaths":3,"minecraft:walk_under_water_one_cm":11877,"minecraft:boat_one_cm":242046,"minecraft:jump":5106,"minecraft:interact_with_blast_furnace":9,"minecraft:walk_on_water_one_cm":52634,"minecraft:total_world_time":590738,"minecraft:interact_with_furnace":7,"minecraft:sleep_in_bed":16,"minecraft:time_since_rest":172798,"minecraft:damage_taken":3950,"minecraft:damage_dealt":25869,"minecraft:swim_one_cm":49514,"minecraft:fly_one_cm":1433035,"minecraft:open_chest":76,"minecraft:crouch_one_cm":14831,"minecraft:fall_one_cm":122040},"minecraft:used":{"minecraft:oak_trapdoor":24,"minecraft:stone_sword":119,"minecraft:flint_and_steel":2,"minecraft:ladder":14,"minecraft:oak_sign":9,"minecraft:chest":11,"minecraft:shield":35,"minecraft:zombie_spawn_egg":46,"minecraft:rotten_flesh":3,"minecraft:netherrack":105,"minecraft:torch":159,"minecraft:soul_sand":1,"minecraft:brewing_stand":1,"minecraft:dirt":106,"minecraft:mutton":1,"minecraft:hopper":13,"minecraft:golden_shovel":33,"minecraft:oak_fence_gate":6,"minecraft:obsidian":14,"minecraft:glass":215,"minecraft:wooden_axe":46,"minecraft:lava_bucket":3,"minecraft:iron_helmet":1,"minecraft:bow":1,"minecraft:furnace":4,"minecraft:egg":7,"minecraft:cobbled_deepslate":41,"minecraft:cooked_mutton":7,"minecraft:water_bucket":1,"minecraft:stone_pickaxe":75,"minecraft:oak_planks":125,"minecraft:cauldron":4,"minecraft:sugar_cane":42,"minecraft:wooden_pickaxe":23,"minecraft:diamond_axe":374,"minecraft:composter":1,"minecraft:stonecutter":2,"minecraft:oak_slab":6,"minecraft:crafting_table":8,"minecraft:blast_furnace":2,"minecraft:white_bed":29,"minecraft:smoker":1,"minecraft:diamond_pickaxe":310,"minecraft:diamond_shovel":434,"minecraft:chicken":1,"minecraft:iron_pickaxe":185,"minecraft:bread":66,"minecraft:stone_axe":71,"minecraft:cobblestone":33,"minecraft:smithing_table":1,"minecraft:bucket":3,"minecraft:yellow_bed":28,"minecraft:oak_boat":16},"minecraft:crafted":{"minecraft:oak_planks":108,"minecraft:furnace":1,"minecraft:diamond_shovel":1,"minecraft:cooked_mutton":7,"minecraft:hopper":4,"minecraft:iron_boots":1,"minecraft:stone_pickaxe":1,"minecraft:chest":9,"minecraft:wheat":108,"minecraft:diamond_axe":1,"minecraft:crafting_table":3,"minecraft:wooden_pickaxe":1,"minecraft:iron_helmet":1,"minecraft:bucket":1,"minecraft:stone_axe":1,"minecraft:bread":36,"minecraft:air":0,"minecraft:oak_boat":6,"minecraft:iron_chestplate":1,"minecraft:diamond_pickaxe":1,"minecraft:shield":1,"minecraft:stick":52,"minecraft:iron_ingot":43,"minecraft:iron_pickaxe":1,"minecraft:wooden_axe":1,"minecraft:stone_sword":1,"minecraft:white_bed":1,"minecraft:torch":108},"minecraft:dropped":{"minecraft:bread":25,"minecraft:wheat_seeds":24,"minecraft:diamond_axe":2,"minecraft:lead":4,"minecraft:spruce_leaves":1,"minecraft:dirt":101,"minecraft:torch":1,"minecraft:iron_leggings":1,"minecraft:oak_stairs":2,"minecraft:string":12,"minecraft:bone":4,"minecraft:oak_door":2,"minecraft:snow_block":3,"minecraft:stone_axe":1,"minecraft:zombie_spawn_egg":7,"minecraft:sweet_berries":3,"minecraft:oak_trapdoor":1,"minecraft:raw_iron":43,"minecraft:composter":1,"minecraft:rotten_flesh":20,"minecraft:oak_planks":7,"minecraft:iron_boots":7,"minecraft:diamond_shovel":1,"minecraft:oak_sign":9,"minecraft:snow":1,"minecraft:iron_chestplate":1,"minecraft:yellow_bed":1,"minecraft:ladder":15,"minecraft:spider_eye":2,"minecraft:basalt":188,"minecraft:glass":1,"minecraft:wooden_pickaxe":1,"minecraft:quartz":2,"minecraft:netherrack":22,"minecraft:egg":2},"minecraft:picked_up":{"minecraft:spruce_leaves":1,"minecraft:crafting_table":7,"minecraft:iron_chestplate":1,"minecraft:wheat":7,"minecraft:azure_bluet":1,"minecraft:chicken":2,"minecraft:ladder":16,"minecraft:smithing_table":2,"minecraft:lead":7,"minecraft:oak_stairs":3,"minecraft:golden_shovel":1,"minecraft:brewing_stand":2,"minecraft:shield":2,"minecraft:cornflower":1,"minecraft:string":30,"minecraft:flint_and_steel":1,"minecraft:snow":1,"minecraft:iron_leggings":1,"minecraft:blackstone":15,"minecraft:oak_sign":9,"minecraft:cobbled_deepslate":81,"minecraft:beef":20,"minecraft:oak_boat":11,"minecraft:poppy":11,"minecraft:iron_pickaxe":1,"minecraft:sugar_cane":50,"minecraft:chest":3,"minecraft:furnace":5,"minecraft:iron_boots":7,"minecraft:egg":8,"minecraft:stick":12,"minecraft:raw_iron":129,"minecraft:oak_door":2,"minecraft:composter":3,"minecraft:torch":8,"minecraft:snow_block":3,"minecraft:porkchop":15,"minecraft:carrot":18,"minecraft:redstone":120,"minecraft:cauldron":8,"minecraft:arrow":24,"minecraft:rotten_flesh":56,"minecraft:beetroot_seeds":3,"minecraft:hay_block":12,"minecraft:gold_ingot":40,"minecraft:obsidian":11,"minecraft:mutton":31,"minecraft:white_wool":11,"minecraft:cobblestone":136,"minecraft:oxeye_daisy":2,"minecraft:basalt":281,"minecraft:andesite":3,"minecraft:leather":20,"minecraft:golden_leggings":3,"minecraft:smoker":2,"minecraft:potato":40,"minecraft:tuff":28,"minecraft:oak_log":34,"minecraft:yellow_bed":25,"minecraft:gunpowder":7,"minecraft:lapis_lazuli":58,"minecraft:dirt":413,"minecraft:glass":1,"minecraft:bone":22,"minecraft:bow":2,"minecraft:kelp":8,"minecraft:stonecutter":4,"minecraft:wheat_seeds":97,"minecraft:raw_gold":107,"minecraft:iron_ingot":40,"minecraft:oak_fence_gate":2,"minecraft:oak_planks":91,"minecraft:pumpkin":4,"minecraft:sweet_berries":3,"minecraft:quartz":3,"minecraft:dandelion":9,"minecraft:gravel":6,"minecraft:sand":2,"minecraft:blast_furnace":4,"minecraft:grass_block":4,"minecraft:white_bed":29,"minecraft:spider_eye":8,"minecraft:diamond_shovel":2,"minecraft:diamond":51,"minecraft:stone_axe":1,"minecraft:iron_helmet":2,"minecraft:diamond_axe":2,"minecraft:bread":53,"minecraft:netherrack":49,"minecraft:coal":86,"minecraft:ender_pearl":1,"minecraft:hopper":7,"minecraft:diamond_pickaxe":1},"minecraft:killed":{"minecraft:spider":9,"minecraft:skeleton":13,"minecraft:chicken":2,"minecraft:turtle":1,"minecraft:wolf":2,"minecraft:pig":7,"minecraft:iron_golem":5,"minecraft:wandering_trader":2,"minecraft:creeper":7,"minecraft:sheep":11,"minecraft:trader_llama":4,"minecraft:pillager":1,"minecraft:zombie":47,"minecraft:enderman":1,"minecraft:cow":11}},"DataVersion":3953}