{"stats":{"minecraft:broken":{"minecraft:stone_sword":1,"minecraft:golden_shovel":1,"minecraft:stone_axe":1,"minecraft:wooden_axe":1},"minecraft:mined":{"minecraft:tuff":4,"minecraft:white_bed":5,"minecraft:deepslate_diamond_ore":15,"minecraft:grass_block":30,"minecraft:spruce_leaves":2,"minecraft:kelp":1,"minecraft:large_fern":1,"minecraft:hay_block":12,"minecraft:tall_seagrass":2,"minecraft:furnace":3,"minecraft:carrots":6,"minecraft:iron_ore":4,"minecraft:snow":1,"minecraft:pumpkin":4,"minecraft:deepslate_lapis_ore":6,"minecraft:potatoes":35,"minecraft:deepslate_iron_ore":22,"minecraft:stone":29,"minecraft:smithing_table":1,"minecraft:deepslate_redstone_ore":14,"minecraft:kelp_plant":1,"minecraft:snow_block":3,"minecraft:smoker":1,"minecraft:dandelion":1,"minecraft:powder_snow":9,"minecraft:crafting_table":6,"minecraft:short_grass":19,"minecraft:blast_furnace":1,"minecraft:chest":1,"minecraft:tall_grass":12,"minecraft:deepslate_gold_ore":43,"minecraft:sugar_cane":20,"minecraft:wall_torch":1,"minecraft:sweet_berry_bush":1,"minecraft:wheat":13,"minecraft:birch_leaves":2,"minecraft:coal_ore":40,"minecraft:oak_log":27,"minecraft:dirt":29,"minecraft:sand":2,"minecraft:oak_leaves":11,"minecraft:deepslate":25},"minecraft:killed_by":{"minecraft:skeleton":1},"minecraft:custom":{"minecraft:mob_kills":57,"minecraft:interact_with_crafting_table":15,"minecraft:leave_game":9,"minecraft:time_since_death":112128,"minecraft:sprint_one_cm":457368,"minecraft:walk_one_cm":134883,"minecraft:damage_blocked_by_shield":537,"minecraft:drop":12,"minecraft:talked_to_villager":1,"minecraft:play_time":128674,"minecraft:deaths":1,"minecraft:sneak_time":652,"minecraft:walk_under_water_one_cm":6309,"minecraft:boat_one_cm":232379,"minecraft:jump":2833,"minecraft:walk_on_water_one_cm":27104,"minecraft:total_world_time":128674,"minecraft:interact_with_furnace":7,"minecraft:sleep_in_bed":6,"minecraft:time_since_rest":21546,"minecraft:damage_taken":1945,"minecraft:damage_dealt":9089,"minecraft:swim_one_cm":35351,"minecraft:fly_one_cm":626800,"minecraft:open_chest":14,"minecraft:crouch_one_cm":1160,"minecraft:fall_one_cm":78095},"minecraft:used":{"minecraft:stone_sword":119,"minecraft:chest":2,"minecraft:shield":20,"minecraft:rotten_flesh":3,"minecraft:torch":90,"minecraft:dirt":28,"minecraft:mutton":1,"minecraft:golden_shovel":33,"minecraft:obsidian":4,"minecraft:wooden_axe":46,"minecraft:iron_helmet":1,"minecraft:bow":1,"minecraft:furnace":4,"minecraft:egg":6,"minecraft:cooked_mutton":7,"minecraft:stone_pickaxe":75,"minecraft:wooden_pickaxe":23,"minecraft:diamond_axe":1,"minecraft:sugar_cane":41,"minecraft:crafting_table":8,"minecraft:blast_furnace":1,"minecraft:white_bed":6,"minecraft:smoker":1,"minecraft:chicken":1,"minecraft:bread":28,"minecraft:iron_pickaxe":141,"minecraft:stone_axe":71,"minecraft:cobblestone":4,"minecraft:smithing_table":1,"minecraft:oak_boat":9},"minecraft:dropped":{"minecraft:wheat_seeds":13,"minecraft:spruce_leaves":1,"minecraft:dirt":1,"minecraft:snow_block":3,"minecraft:stone_axe":1,"minecraft:sweet_berries":3,"minecraft:rotten_flesh":5,"minecraft:oak_planks":4,"minecraft:snow":1,"minecraft:wooden_pickaxe":1},"minecraft:crafted":{"minecraft:oak_planks":80,"minecraft:furnace":1,"minecraft:cooked_mutton":7,"minecraft:stone_pickaxe":1,"minecraft:chest":1,"minecraft:wheat":108,"minecraft:diamond_axe":1,"minecraft:crafting_table":3,"minecraft:wooden_pickaxe":1,"minecraft:iron_helmet":1,"minecraft:stone_axe":1,"minecraft:bread":36,"minecraft:air":0,"minecraft:oak_boat":1,"minecraft:shield":1,"minecraft:stick":52,"minecraft:iron_pickaxe":1,"minecraft:wooden_axe":1,"minecraft:stone_sword":1,"minecraft:white_bed":1,"minecraft:torch":88},"minecraft:picked_up":{"minecraft:spruce_leaves":1,"minecraft:crafting_table":6,"minecraft:chicken":2,"minecraft:smithing_table":1,"minecraft:golden_shovel":1,"minecraft:string":7,"minecraft:flint_and_steel":1,"minecraft:snow":1,"minecraft:cobbled_deepslate":26,"minecraft:beef":20,"minecraft:oak_boat":9,"minecraft:sugar_cane":47,"minecraft:chest":1,"minecraft:furnace":3,"minecraft:egg":6,"minecraft:raw_iron":26,"minecraft:torch":2,"minecraft:porkchop":11,"minecraft:snow_block":3,"minecraft:carrot":6,"minecraft:redstone":60,"minecraft:arrow":3,"minecraft:rotten_flesh":18,"minecraft:hay_block":12,"minecraft:mutton":31,"minecraft:obsidian":1,"minecraft:cobblestone":35,"minecraft:white_wool":11,"minecraft:leather":15,"minecraft:golden_leggings":2,"minecraft:smoker":1,"minecraft:potato":34,"minecraft:tuff":12,"minecraft:oak_log":27,"minecraft:dirt":53,"minecraft:lapis_lazuli":29,"minecraft:bone":4,"minecraft:kelp":8,"minecraft:bow":1,"minecraft:wheat_seeds":15,"minecraft:raw_gold":43,"minecraft:iron_ingot":9,"minecraft:oak_planks":4,"minecraft:pumpkin":4,"minecraft:sweet_berries":3,"minecraft:gravel":2,"minecraft:sand":2,"minecraft:blast_furnace":1,"minecraft:white_bed":5,"minecraft:grass_block":4,"minecraft:spider_eye":2,"minecraft:diamond":15,"minecraft:stone_axe":1,"minecraft:coal":61},"minecraft:killed":{"minecraft:spider":5,"minecraft:skeleton":3,"minecraft:chicken":2,"minecraft:turtle":1,"minecraft:wolf":2,"minecraft:pig":6,"minecraft:iron_golem":2,"minecraft:creeper":1,"minecraft:sheep":11,"minecraft:zombie":11,"minecraft:cow":11}},"DataVersion":3953}