{"stats":{"minecraft:used":{"minecraft:dirt":5},"minecraft:mined":{"minecraft:short_grass":1,"minecraft:grass_block":5,"minecraft:sugar_cane":2},"minecraft:picked_up":{"minecraft:sugar_cane":6,"minecraft:dirt":5},"minecraft:custom":{"minecraft:jump":49,"minecraft:time_since_rest":9119,"minecraft:damage_dealt":10,"minecraft:sprint_one_cm":10588,"minecraft:play_time":9119,"minecraft:walk_on_water_one_cm":519,"minecraft:time_since_death":9119,"minecraft:walk_one_cm":1405,"minecraft:total_world_time":9119,"minecraft:fall_one_cm":2055,"minecraft:fly_one_cm":13930}},"DataVersion":3953}