{"stats":{"minecraft:broken":{"minecraft:wooden_axe":1},"minecraft:crafted":{"minecraft:oak_planks":24,"minecraft:crafting_table":1,"minecraft:stick":12,"minecraft:wooden_pickaxe":1,"minecraft:stone_pickaxe":1,"minecraft:wooden_axe":1,"minecraft:stone_sword":1,"minecraft:furnace":1,"minecraft:stone_axe":1,"minecraft:air":0,"minecraft:cooked_mutton":5},"minecraft:dropped":{"minecraft:rotten_flesh":4},"minecraft:mined":{"minecraft:tall_seagrass":1,"minecraft:furnace":1,"minecraft:crafting_table":3,"minecraft:short_grass":6,"minecraft:grass_block":14,"minecraft:oak_log":27,"minecraft:coal_ore":24,"minecraft:chest":1,"minecraft:dirt":7,"minecraft:stone":28,"minecraft:sugar_cane":2,"minecraft:oak_leaves":9},"minecraft:picked_up":{"minecraft:crafting_table":3,"minecraft:chicken":2,"minecraft:leather":6,"minecraft:golden_leggings":2,"minecraft:golden_shovel":1,"minecraft:oak_log":27,"minecraft:dirt":20,"minecraft:flint_and_steel":1,"minecraft:rotten_flesh":7,"minecraft:wheat_seeds":1,"minecraft:beef":6,"minecraft:mutton":16,"minecraft:chest":1,"minecraft:sugar_cane":6,"minecraft:obsidian":1,"minecraft:oak_planks":4,"minecraft:coal":23,"minecraft:white_wool":6,"minecraft:cobblestone":28,"minecraft:furnace":1},"minecraft:killed_by":{"minecraft:skeleton":1},"minecraft:killed":{"minecraft:sheep":6,"minecraft:zombie":2,"minecraft:chicken":2,"minecraft:cow":4},"minecraft:custom":{"minecraft:time_since_rest":23461,"minecraft:sprint_one_cm":95943,"minecraft:interact_with_furnace":4,"minecraft:damage_taken":450,"minecraft:walk_one_cm":26877,"minecraft:mob_kills":14,"minecraft:drop":2,"minecraft:damage_dealt":1543,"minecraft:swim_one_cm":11480,"minecraft:interact_with_crafting_table":4,"minecraft:fly_one_cm":128602,"minecraft:open_chest":1,"minecraft:crouch_one_cm":48,"minecraft:play_time":39773,"minecraft:deaths":1,"minecraft:sneak_time":11,"minecraft:walk_under_water_one_cm":2610,"minecraft:jump":649,"minecraft:leave_game":7,"minecraft:time_since_death":23227,"minecraft:walk_on_water_one_cm":9277,"minecraft:total_world_time":39773,"minecraft:fall_one_cm":15571},"minecraft:used":{"minecraft:cooked_mutton":3,"minecraft:wooden_axe":46,"minecraft:stone_sword":2,"minecraft:chicken":1,"minecraft:stone_pickaxe":36,"minecraft:wooden_pickaxe":23,"minecraft:rotten_flesh":3,"minecraft:stone_axe":11,"minecraft:dirt":8,"minecraft:mutton":1,"minecraft:crafting_table":3,"minecraft:furnace":1,"minecraft:golden_shovel":2}},"DataVersion":3953}