{"stats":{"minecraft:crafted":{"minecraft:grindstone":1,"minecraft:oak_planks":1136,"minecraft:blaze_powder":14,"minecraft:stone":3,"minecraft:diamond_shovel":1,"minecraft:bookshelf":19,"minecraft:shulker_box":1,"minecraft:cooked_mutton":7,"minecraft:glass":1,"minecraft:hopper":65,"minecraft:diamond_helmet":1,"minecraft:bow":5,"minecraft:diamond_leggings":1,"minecraft:iron_boots":1,"minecraft:chest":92,"minecraft:ender_eye":13,"minecraft:gray_bed":1,"minecraft:dropper":1,"minecraft:glass_bottle":3,"minecraft:golden_boots":1,"minecraft:emerald":464,"minecraft:diamond_axe":1,"minecraft:crafting_table":8,"minecraft:iron_helmet":1,"minecraft:wooden_pickaxe":1,"minecraft:baked_potato":201,"minecraft:fletching_table":1,"minecraft:birch_planks":172,"minecraft:iron_chestplate":1,"minecraft:book":51,"minecraft:paper":300,"minecraft:diamond_pickaxe":1,"minecraft:emerald_block":1,"minecraft:shield":1,"minecraft:crafter":1,"minecraft:stick":672,"minecraft:stone_slab":6,"minecraft:iron_pickaxe":1,"minecraft:iron_ingot":178,"minecraft:iron_block":734,"minecraft:stone_sword":1,"minecraft:redstone":88,"minecraft:experience_bottle":8,"minecraft:furnace":3,"minecraft:piston":9,"minecraft:bone_meal":228,"minecraft:flint_and_steel":1,"minecraft:iron_hoe":1,"minecraft:ender_pearl":26,"minecraft:stone_pickaxe":1,"minecraft:diamond_boots":1,"minecraft:observer":8,"minecraft:wheat":117,"minecraft:cooked_beef":50,"minecraft:diamond_sword":1,"minecraft:enchanting_table":1,"minecraft:bucket":2,"minecraft:stone_axe":1,"minecraft:glowstone":5,"minecraft:enchanted_book":6,"minecraft:air":0,"minecraft:bread":36,"minecraft:oak_boat":6,"minecraft:white_wool":23,"minecraft:wooden_axe":1,"minecraft:anvil":1,"minecraft:white_bed":3,"minecraft:torch":108,"minecraft:lapis_lazuli":36,"minecraft:firework_rocket":441,"minecraft:diamond_chestplate":1},"minecraft:used":{"minecraft:oak_sign":9,"minecraft:dispenser":12,"minecraft:elytra":33,"minecraft:ladder":14,"minecraft:shield":46,"minecraft:chest":70,"minecraft:stone":30,"minecraft:zombie_spawn_egg":48,"minecraft:rotten_flesh":3,"minecraft:soul_sand":3,"minecraft:mutton":1,"minecraft:crafter":1,"minecraft:nether_bricks":49,"minecraft:carrot":52,"minecraft:tuff":1,"minecraft:obsidian":24,"minecraft:glass":448,"minecraft:lava_bucket":28,"minecraft:villager_spawn_egg":14,"minecraft:grass_block":14,"minecraft:iron_helmet":1,"minecraft:repeater":34,"minecraft:bow":213,"minecraft:oak_sapling":3,"minecraft:furnace":6,"minecraft:gray_bed":1,"minecraft:egg":11,"minecraft:potato":122,"minecraft:dragon_head":1,"minecraft:diamond_boots":1,"minecraft:golden_boots":2,"minecraft:cow_spawn_egg":11,"minecraft:stone_pickaxe":75,"minecraft:chorus_fruit":1,"minecraft:oak_planks":205,"minecraft:blackstone":10,"minecraft:ender_pearl":26,"minecraft:wooden_pickaxe":23,"minecraft:composter":5,"minecraft:sugar_cane":84,"minecraft:diamond_axe":1226,"minecraft:purpur_pillar":1,"minecraft:golden_apple":1,"minecraft:sand":1,"minecraft:blast_furnace":2,"minecraft:end_stone":105,"minecraft:lever":2,"minecraft:firework_rocket":221,"minecraft:string":1,"minecraft:bread":68,"minecraft:lectern":126,"minecraft:diamond_sword":459,"minecraft:grindstone":2,"minecraft:smithing_table":1,"minecraft:andesite":26,"minecraft:air":9,"minecraft:oak_fence":28,"minecraft:oak_boat":25,"minecraft:bone_meal":88,"minecraft:purpur_block":1,"minecraft:experience_bottle":8,"minecraft:oak_trapdoor":54,"minecraft:enchanting_table":1,"minecraft:stone_sword":119,"minecraft:flint_and_steel":5,"minecraft:redstone":24,"minecraft:netherrack":252,"minecraft:oak_door":8,"minecraft:torch":369,"minecraft:dragon_egg":1,"minecraft:brewing_stand":2,"minecraft:dirt":1572,"minecraft:anvil":3,"minecraft:hopper":93,"minecraft:diamond_helmet":1,"minecraft:shulker_box":4,"minecraft:golden_shovel":33,"minecraft:oak_fence_gate":15,"minecraft:iron_hoe":135,"minecraft:wooden_axe":46,"minecraft:chipped_anvil":1,"minecraft:bookshelf":19,"minecraft:iron_boots":1,"minecraft:diamond_chestplate":33,"minecraft:golden_carrot":17,"minecraft:emerald_block":1,"minecraft:cooked_beef":50,"minecraft:cobbled_deepslate":63,"minecraft:observer":26,"minecraft:wheat_seeds":99,"minecraft:cooked_mutton":7,"minecraft:water_bucket":173,"minecraft:cobblestone_stairs":26,"minecraft:glass_bottle":9,"minecraft:baked_potato":128,"minecraft:cauldron":4,"minecraft:fletching_table":4,"minecraft:sheep_spawn_egg":9,"minecraft:stonecutter":3,"minecraft:cobblestone_slab":2180,"minecraft:polished_blackstone_bricks":16,"minecraft:comparator":2,"minecraft:crafting_table":14,"minecraft:oak_slab":21,"minecraft:white_bed":46,"minecraft:campfire":51,"minecraft:smoker":2,"minecraft:piston":22,"minecraft:oak_log":76,"minecraft:mud":18,"minecraft:ender_eye":27,"minecraft:diamond_pickaxe":2877,"minecraft:diamond_shovel":4406,"minecraft:chicken":1,"minecraft:iron_pickaxe":185,"minecraft:stone_axe":71,"minecraft:potion":9,"minecraft:cobblestone":918,"minecraft:bucket":167,"minecraft:yellow_bed":28,"minecraft:diamond_leggings":1},"minecraft:custom":{"minecraft:animals_bred":16,"minecraft:interact_with_crafting_table":105,"minecraft:open_shulker_box":11,"minecraft:bell_ring":16,"minecraft:leave_game":64,"minecraft:time_since_death":77120,"minecraft:sprint_one_cm":2869831,"minecraft:damage_blocked_by_shield":1568,"minecraft:drop":375,"minecraft:talked_to_villager":261,"minecraft:play_time":2088559,"minecraft:deaths":11,"minecraft:jump":15757,"minecraft:walk_on_water_one_cm":166797,"minecraft:enchant_item":29,"minecraft:interact_with_furnace":41,"minecraft:traded_with_villager":595,"minecraft:sleep_in_bed":58,"minecraft:open_enderchest":1,"minecraft:damage_dealt":65560,"minecraft:crouch_one_cm":122362,"minecraft:interact_with_smoker":5,"minecraft:inspect_dispenser":14,"minecraft:interact_with_anvil":12,"minecraft:mob_kills":400,"minecraft:inspect_hopper":60,"minecraft:climb_one_cm":57696,"minecraft:walk_one_cm":1308126,"minecraft:sneak_time":42889,"minecraft:walk_under_water_one_cm":237321,"minecraft:boat_one_cm":242920,"minecraft:interact_with_blast_furnace":9,"minecraft:total_world_time":2088559,"minecraft:interact_with_grindstone":13,"minecraft:interact_with_stonecutter":2,"minecraft:time_since_rest":77169,"minecraft:damage_absorbed":40,"minecraft:damage_taken":15398,"minecraft:swim_one_cm":192837,"minecraft:fly_one_cm":4887196,"minecraft:open_chest":1051,"minecraft:aviate_one_cm":6632511,"minecraft:fall_one_cm":363331},"minecraft:broken":{"minecraft:golden_shovel":1,"minecraft:stone_axe":1,"minecraft:wooden_axe":1,"minecraft:bow":1,"minecraft:stone_sword":1},"minecraft:dropped":{"minecraft:soul_sand":27,"minecraft:birch_planks":3,"minecraft:porkchop":3,"minecraft:diamond_axe":4,"minecraft:lapis_lazuli":87,"minecraft:cooked_beef":19,"minecraft:ender_pearl":214,"minecraft:crafting_table":1,"minecraft:leather":69,"minecraft:cracked_stone_bricks":1,"minecraft:flint":1,"minecraft:emerald":3,"minecraft:spruce_leaves":1,"minecraft:dirt":179,"minecraft:dispenser":10,"minecraft:cornflower":1,"minecraft:mutton":2,"minecraft:sand":6,"minecraft:gold_ingot":60,"minecraft:bone":20,"minecraft:oak_door":2,"minecraft:gravel":2,"minecraft:stone_axe":1,"minecraft:purpur_block":2,"minecraft:sugar_cane":3,"minecraft:golden_chestplate":2,"minecraft:obsidian":8,"minecraft:rotten_flesh":4306,"minecraft:oak_planks":8,"minecraft:diamond_shovel":3,"minecraft:end_stone":7,"minecraft:white_bed":2,"minecraft:carrot":96,"minecraft:beetroot_seeds":10,"minecraft:chest":3,"minecraft:ladder":21,"minecraft:arrow":587,"minecraft:basalt":188,"minecraft:iron_bars":6,"minecraft:end_stone_bricks":3,"minecraft:beef":81,"minecraft:glass":1,"minecraft:firework_rocket":62,"minecraft:water_bucket":1,"minecraft:quartz":2,"minecraft:netherrack":67,"minecraft:lectern":1,"minecraft:egg":2,"minecraft:iron_ingot":26,"minecraft:golden_boots":2,"minecraft:bread":25,"minecraft:wheat_seeds":97,"minecraft:diamond_leggings":2,"minecraft:purpur_slab":1,"minecraft:cobblestone":242,"minecraft:lead":4,"minecraft:sculk_vein":4,"minecraft:spectral_arrow":128,"minecraft:observer":11,"minecraft:coal":114,"minecraft:golden_apple":1,"minecraft:stick":3,"minecraft:lava_bucket":1,"minecraft:torch":1,"minecraft:iron_door":5,"minecraft:diamond_helmet":2,"minecraft:iron_leggings":1,"minecraft:oak_stairs":2,"minecraft:stonecutter":4,"minecraft:string":405,"minecraft:bucket":2,"minecraft:dandelion":3,"minecraft:snow_block":3,"minecraft:purpur_pillar":4,"minecraft:zombie_spawn_egg":7,"minecraft:sweet_berries":13,"minecraft:oak_trapdoor":23,"minecraft:stone_sword":3,"minecraft:raw_copper":6,"minecraft:composter":67,"minecraft:raw_iron":43,"minecraft:iron_boots":7,"minecraft:oak_sign":9,"minecraft:diamond_sword":3,"minecraft:snow":1,"minecraft:potato":71,"minecraft:cobblestone_slab":768,"minecraft:stone":10,"minecraft:diamond_chestplate":3,"minecraft:diamond_pickaxe":1,"minecraft:iron_chestplate":1,"minecraft:andesite":87,"minecraft:mossy_stone_bricks":1,"minecraft:yellow_bed":1,"minecraft:oak_boat":8,"minecraft:oak_sapling":9,"minecraft:golden_sword":1,"minecraft:spider_eye":2,"minecraft:stone_bricks":1,"minecraft:wooden_pickaxe":1},"minecraft:killed_by":{"minecraft:piglin_brute":1,"minecraft:ender_dragon":1,"minecraft:skeleton":1},"minecraft:killed":{"minecraft:cave_spider":1,"minecraft:spider":10,"minecraft:shulker":21,"minecraft:skeleton":30,"minecraft:chicken":2,"minecraft:silverfish":9,"minecraft:turtle":1,"minecraft:piglin_brute":2,"minecraft:cat":1,"minecraft:magma_cube":8,"minecraft:wolf":2,"minecraft:piglin":3,"minecraft:pig":11,"minecraft:iron_golem":6,"minecraft:ender_dragon":1,"minecraft:creeper":7,"minecraft:sheep":18,"minecraft:trader_llama":6,"minecraft:pillager":1,"minecraft:zombie":54,"minecraft:ghast":4,"minecraft:cow":39,"minecraft:blaze":19,"minecraft:horse":2,"minecraft:drowned":1,"minecraft:wandering_trader":3,"minecraft:wither_skeleton":18,"minecraft:villager":1,"minecraft:enderman":110},"minecraft:picked_up":{"minecraft:shulker_shell":10,"minecraft:iron_chestplate":2,"minecraft:wheat":67,"minecraft:ender_chest":2,"minecraft:anvil":1,"minecraft:smithing_table":2,"minecraft:lead":24,"minecraft:diamond_sword":7,"minecraft:oak_stairs":3,"minecraft:enchanted_book":2,"minecraft:golden_shovel":1,"minecraft:gilded_blackstone":28,"minecraft:brewing_stand":2,"minecraft:golden_sword":1,"minecraft:polished_blackstone_brick_stairs":2,"minecraft:string":459,"minecraft:raw_copper":39,"minecraft:iron_leggings":3,"minecraft:oak_sign":9,"minecraft:diamond_leggings":8,"minecraft:gold_nugget":14,"minecraft:cobbled_deepslate":103,"minecraft:comparator":2,"minecraft:bucket":3,"minecraft:eye_armor_trim_smithing_template":10,"minecraft:cobblestone_slab":3343,"minecraft:ender_eye":9,"minecraft:netherite_upgrade_smithing_template":2,"minecraft:iron_pickaxe":2,"minecraft:iron_boots":8,"minecraft:furnace":5,"minecraft:stick":20,"minecraft:composter":72,"minecraft:oak_fence":28,"minecraft:torch":132,"minecraft:purpur_pillar":5,"minecraft:snow_block":3,"minecraft:porkchop":27,"minecraft:golden_chestplate":2,"minecraft:cauldron":8,"minecraft:stone_sword":3,"minecraft:rotten_flesh":80,"minecraft:end_rod":2,"minecraft:blaze_rod":19,"minecraft:obsidian":29,"minecraft:iron_bars":16,"minecraft:blaze_powder":2,"minecraft:cobblestone":2118,"minecraft:birch_log":43,"minecraft:magma_block":27,"minecraft:feather":1,"minecraft:cooked_beef":124,"minecraft:magma_cream":24,"minecraft:repeater":32,"minecraft:iron_door":5,"minecraft:water_bucket":8,"minecraft:andesite":119,"minecraft:golden_leggings":3,"minecraft:smoker":2,"minecraft:potato":463,"minecraft:flint":4,"minecraft:tuff":43,"minecraft:lapis_lazuli":174,"minecraft:dirt":3729,"minecraft:name_tag":2,"minecraft:glass":198,"minecraft:bone":125,"minecraft:chipped_anvil":1,"minecraft:bow":5,"minecraft:stonecutter":11,"minecraft:wheat_seeds":463,"minecraft:raw_gold":129,"minecraft:grindstone":1,"minecraft:mossy_stone_bricks":1,"minecraft:fletching_table":2,"minecraft:diamond_helmet":8,"minecraft:oak_planks":154,"minecraft:ghast_tear":2,"minecraft:cooked_porkchop":2,"minecraft:sand":146,"minecraft:nether_brick_stairs":2,"minecraft:grass_block":10,"minecraft:spectral_arrow":64,"minecraft:shulker_box":3,"minecraft:dispenser":10,"minecraft:diamond":135,"minecraft:lever":2,"minecraft:cracked_polished_blackstone_bricks":14,"minecraft:crossbow":2,"minecraft:mud":18,"minecraft:golden_apple":1,"minecraft:emerald":8,"minecraft:bread":53,"minecraft:oak_sapling":23,"minecraft:netherrack":507,"minecraft:chorus_fruit":10,"minecraft:diamond_pickaxe":11,"minecraft:end_stone_bricks":13,"minecraft:spruce_leaves":1,"minecraft:charcoal":10,"minecraft:crafting_table":11,"minecraft:azure_bluet":6,"minecraft:ladder":24,"minecraft:chicken":3,"minecraft:nether_wart":26,"minecraft:clay_ball":16,"minecraft:gold_block":3,"minecraft:diamond_horse_armor":2,"minecraft:dragon_head":1,"minecraft:chain":4,"minecraft:purpur_block":16,"minecraft:shield":3,"minecraft:cornflower":7,"minecraft:oak_trapdoor":26,"minecraft:elytra":3,"minecraft:flint_and_steel":1,"minecraft:snow":1,"minecraft:iron_shovel":1,"minecraft:blackstone":45,"minecraft:cracked_stone_bricks":1,"minecraft:beef":178,"minecraft:oak_boat":30,"minecraft:observer":16,"minecraft:poppy":11,"minecraft:lectern":126,"minecraft:sugar_cane":567,"minecraft:chest":26,"minecraft:piston":13,"minecraft:egg":12,"minecraft:raw_iron":130,"minecraft:sandstone":1,"minecraft:end_stone":112,"minecraft:stone":281,"minecraft:oak_door":2,"minecraft:fire_charge":1,"minecraft:polished_blackstone_bricks":43,"minecraft:carrot":38,"minecraft:redstone":227,"minecraft:arrow":337,"minecraft:diamond_chestplate":9,"minecraft:beetroot_seeds":16,"minecraft:nether_bricks":66,"minecraft:diamond_boots":5,"minecraft:purpur_slab":1,"minecraft:hay_block":13,"minecraft:saddle":2,"minecraft:gold_ingot":137,"minecraft:mutton":50,"minecraft:white_wool":17,"minecraft:oxeye_daisy":7,"minecraft:basalt":281,"minecraft:golden_carrot":34,"minecraft:leather":143,"minecraft:red_mushroom":2,"minecraft:birch_planks":3,"minecraft:oak_log":355,"minecraft:golden_boots":3,"minecraft:yellow_bed":25,"minecraft:gunpowder":8,"minecraft:cobblestone_stairs":2,"minecraft:sculk_vein":4,"minecraft:apple":4,"minecraft:stone_bricks":1,"minecraft:kelp":16,"minecraft:iron_ingot":142,"minecraft:oak_fence_gate":7,"minecraft:iron_sword":2,"minecraft:soul_sand":63,"minecraft:nether_quartz_ore":8,"minecraft:book":12,"minecraft:oak_slab":15,"minecraft:pumpkin":4,"minecraft:sweet_berries":13,"minecraft:quartz":31,"minecraft:dandelion":29,"minecraft:gravel":15,"minecraft:lava_bucket":3,"minecraft:blast_furnace":4,"minecraft:white_bed":44,"minecraft:crying_obsidian":1,"minecraft:spider_eye":11,"minecraft:dragon_egg":1,"minecraft:firework_rocket":946,"minecraft:diamond_shovel":13,"minecraft:campfire":49,"minecraft:stone_axe":1,"minecraft:iron_helmet":3,"minecraft:diamond_axe":11,"minecraft:gray_wool":3,"minecraft:baked_potato":137,"minecraft:coal":315,"minecraft:hopper":72,"minecraft:ender_pearl":289},"minecraft:mined":{"minecraft:dragon_wall_head":1,"minecraft:white_bed":38,"minecraft:farmland":50,"minecraft:sculk_vein":9,"minecraft:cobblestone_stairs":2,"minecraft:brewing_stand":2,"minecraft:obsidian":30,"minecraft:granite":129,"minecraft:grass_block":2267,"minecraft:cracked_polished_blackstone_bricks":7,"minecraft:purpur_slab":1,"minecraft:composter":4,"minecraft:hopper":19,"minecraft:oxeye_daisy":5,"minecraft:nether_wart":15,"minecraft:spawner":2,"minecraft:polished_blackstone_bricks":26,"minecraft:tall_seagrass":2,"minecraft:magma_block":29,"minecraft:iron_ore":5,"minecraft:fire":15,"minecraft:pumpkin":4,"minecraft:anvil":1,"minecraft:deepslate_lapis_ore":6,"minecraft:fletching_table":2,"minecraft:azure_bluet":5,"minecraft:nether_brick_stairs":2,"minecraft:water_cauldron":4,"minecraft:dirt_path":47,"minecraft:iron_bars":6,"minecraft:oak_stairs":1,"minecraft:end_stone_bricks":12,"minecraft:deepslate_redstone_ore":14,"minecraft:blackstone":31,"minecraft:kelp_plant":1,"minecraft:smoker":2,"minecraft:powder_snow":9,"minecraft:clay":4,"minecraft:torch":12,"minecraft:blast_furnace":4,"minecraft:calcite":6,"minecraft:chest":14,"minecraft:glass":91,"minecraft:nether_quartz_ore":23,"minecraft:cobblestone":62,"minecraft:oak_planks":157,"minecraft:sugar_cane":215,"minecraft:grindstone":1,"minecraft:iron_door":23,"minecraft:wall_torch":6,"minecraft:amethyst_block":4,"minecraft:cauldron":4,"minecraft:repeater":2,"minecraft:mud":18,"minecraft:birch_log":43,"minecraft:wheat":101,"minecraft:purpur_block":18,"minecraft:oak_log":349,"minecraft:beetroots":4,"minecraft:oak_fence_gate":7,"minecraft:sand":146,"minecraft:dirt":1675,"minecraft:piston":13,"minecraft:smooth_basalt":5,"minecraft:stonecutter":4,"minecraft:netherrack":487,"minecraft:deepslate":111,"minecraft:oak_leaves":72,"minecraft:tuff":24,"minecraft:dark_oak_leaves":22,"minecraft:deepslate_diamond_ore":80,"minecraft:oak_door":4,"minecraft:end_stone":116,"minecraft:shulker_box":3,"minecraft:nether_bricks":70,"minecraft:lever":1,"minecraft:ladder":1,"minecraft:redstone_wire":1,"minecraft:spruce_leaves":2,"minecraft:kelp":1,"minecraft:red_mushroom":2,"minecraft:sandstone":1,"minecraft:large_fern":1,"minecraft:hay_block":13,"minecraft:furnace":5,"minecraft:carrots":16,"minecraft:snow":1,"minecraft:andesite":109,"minecraft:gold_block":3,"minecraft:bookshelf":4,"minecraft:potatoes":127,"minecraft:cobblestone_slab":17,"minecraft:deepslate_iron_ore":39,"minecraft:chorus_plant":1,"minecraft:stone":1108,"minecraft:ender_chest":2,"minecraft:smithing_table":2,"minecraft:oak_slab":1,"minecraft:comparator":1,"minecraft:soul_sand":27,"minecraft:infested_stone_bricks":4,"minecraft:snow_block":3,"minecraft:observer":6,"minecraft:basalt":95,"minecraft:stone_brick_slab":1,"minecraft:dandelion":29,"minecraft:oak_fence":30,"minecraft:crafting_table":9,"minecraft:cornflower":3,"minecraft:short_grass":947,"minecraft:sculk_sensor":1,"minecraft:campfire":2,"minecraft:lectern":125,"minecraft:copper_ore":10,"minecraft:tall_grass":128,"minecraft:purpur_pillar":3,"minecraft:deepslate_gold_ore":53,"minecraft:polished_blackstone_brick_stairs":2,"minecraft:sculk":4,"minecraft:gray_wool":3,"minecraft:sweet_berry_bush":5,"minecraft:gray_bed":1,"minecraft:birch_leaves":2,"minecraft:yellow_bed":21,"minecraft:coal_ore":100,"minecraft:end_rod":2,"minecraft:gravel":7,"minecraft:dripstone_block":4,"minecraft:cobweb":11,"minecraft:cracked_stone_bricks":15,"minecraft:stone_bricks":26,"minecraft:mossy_stone_bricks":12,"minecraft:chipped_anvil":1}},"DataVersion":3953}