{"stats":{"minecraft:broken":{"minecraft:wooden_axe":1,"minecraft:golden_shovel":1},"minecraft:crafted":{"minecraft:oak_planks":32,"minecraft:crafting_table":1,"minecraft:wooden_pickaxe":1,"minecraft:furnace":1,"minecraft:stone_axe":1,"minecraft:cooked_mutton":7,"minecraft:air":0,"minecraft:oak_boat":1,"minecraft:stick":12,"minecraft:stone_pickaxe":1,"minecraft:wooden_axe":1,"minecraft:stone_sword":1,"minecraft:white_bed":1},"minecraft:dropped":{"minecraft:snow_block":3,"minecraft:sweet_berries":3,"minecraft:rotten_flesh":5,"minecraft:spruce_leaves":1,"minecraft:snow":1,"minecraft:wooden_pickaxe":1},"minecraft:mined":{"minecraft:smithing_table":1,"minecraft:white_bed":4,"minecraft:kelp_plant":1,"minecraft:smoker":1,"minecraft:snow_block":3,"minecraft:powder_snow":9,"minecraft:crafting_table":5,"minecraft:blast_furnace":1,"minecraft:short_grass":7,"minecraft:grass_block":23,"minecraft:chest":1,"minecraft:spruce_leaves":2,"minecraft:sugar_cane":11,"minecraft:kelp":1,"minecraft:large_fern":1,"minecraft:tall_seagrass":2,"minecraft:furnace":2,"minecraft:carrots":2,"minecraft:wheat":6,"minecraft:snow":1,"minecraft:sweet_berry_bush":1,"minecraft:birch_leaves":2,"minecraft:pumpkin":4,"minecraft:potatoes":9,"minecraft:coal_ore":24,"minecraft:oak_log":27,"minecraft:dirt":23,"minecraft:stone":28,"minecraft:oak_leaves":11},"minecraft:picked_up":{"minecraft:spruce_leaves":1,"minecraft:crafting_table":5,"minecraft:chicken":2,"minecraft:smithing_table":1,"minecraft:leather":11,"minecraft:golden_leggings":2,"minecraft:smoker":1,"minecraft:potato":9,"minecraft:golden_shovel":1,"minecraft:oak_log":27,"minecraft:dirt":41,"minecraft:string":2,"minecraft:flint_and_steel":1,"minecraft:snow":1,"minecraft:kelp":8,"minecraft:wheat_seeds":8,"minecraft:beef":17,"minecraft:oak_boat":8,"minecraft:sugar_cane":19,"minecraft:chest":1,"minecraft:oak_planks":4,"minecraft:furnace":2,"minecraft:pumpkin":4,"minecraft:sweet_berries":3,"minecraft:porkchop":8,"minecraft:snow_block":3,"minecraft:blast_furnace":1,"minecraft:carrot":2,"minecraft:grass_block":4,"minecraft:white_bed":4,"minecraft:rotten_flesh":8,"minecraft:obsidian":1,"minecraft:mutton":31,"minecraft:coal":45,"minecraft:white_wool":11,"minecraft:cobblestone":28},"minecraft:killed_by":{"minecraft:skeleton":1},"minecraft:killed":{"minecraft:wolf":2,"minecraft:pig":5,"minecraft:spider":1,"minecraft:sheep":11,"minecraft:zombie":3,"minecraft:chicken":2,"minecraft:turtle":1,"minecraft:cow":9},"minecraft:custom":{"minecraft:interact_with_furnace":7,"minecraft:mob_kills":34,"minecraft:interact_with_crafting_table":7,"minecraft:leave_game":7,"minecraft:time_since_death":53227,"minecraft:sleep_in_bed":3,"minecraft:time_since_rest":4133,"minecraft:sprint_one_cm":211429,"minecraft:damage_taken":709,"minecraft:walk_one_cm":71587,"minecraft:drop":8,"minecraft:damage_dealt":3803,"minecraft:swim_one_cm":19108,"minecraft:fly_one_cm":283065,"minecraft:open_chest":4,"minecraft:crouch_one_cm":268,"minecraft:play_time":69773,"minecraft:deaths":1,"minecraft:sneak_time":110,"minecraft:walk_under_water_one_cm":4052,"minecraft:boat_one_cm":211645,"minecraft:jump":1397,"minecraft:walk_on_water_one_cm":11598,"minecraft:total_world_time":69773,"minecraft:fall_one_cm":37768},"minecraft:used":{"minecraft:cooked_mutton":7,"minecraft:stone_sword":55,"minecraft:stone_pickaxe":40,"minecraft:wooden_pickaxe":23,"minecraft:rotten_flesh":3,"minecraft:dirt":19,"minecraft:mutton":1,"minecraft:crafting_table":5,"minecraft:white_bed":4,"minecraft:golden_shovel":33,"minecraft:wooden_axe":46,"minecraft:bread":3,"minecraft:chicken":1,"minecraft:stone_axe":16,"minecraft:furnace":2,"minecraft:oak_boat":8}},"DataVersion":3953}