{"stats":{"minecraft:used":{"minecraft:dirt":5},"minecraft:picked_up":{"minecraft:sugar_cane":6,"minecraft:dirt":5},"minecraft:custom":{"minecraft:jump":173,"minecraft:time_since_rest":14741,"minecraft:damage_dealt":135,"minecraft:damage_taken":165,"minecraft:leave_game":3,"minecraft:play_time":14741,"minecraft:sprint_one_cm":20614,"minecraft:time_since_death":14741,"minecraft:walk_on_water_one_cm":866,"minecraft:walk_one_cm":3106,"minecraft:total_world_time":14741,"minecraft:walk_under_water_one_cm":1012,"minecraft:swim_one_cm":5431,"minecraft:fall_one_cm":5981,"minecraft:fly_one_cm":47610},"minecraft:mined":{"minecraft:short_grass":1,"minecraft:grass_block":5,"minecraft:tall_seagrass":1,"minecraft:sugar_cane":2,"minecraft:oak_leaves":1}},"DataVersion":3953}