{"stats":{"minecraft:broken":{"minecraft:wooden_axe":1},"minecraft:crafted":{"minecraft:oak_planks":32,"minecraft:crafting_table":1,"minecraft:wooden_pickaxe":1,"minecraft:furnace":1,"minecraft:stone_axe":1,"minecraft:cooked_mutton":5,"minecraft:air":0,"minecraft:oak_boat":1,"minecraft:stick":12,"minecraft:stone_pickaxe":1,"minecraft:wooden_axe":1,"minecraft:stone_sword":1,"minecraft:white_bed":1},"minecraft:dropped":{"minecraft:rotten_flesh":4},"minecraft:mined":{"minecraft:white_bed":1,"minecraft:snow_block":3,"minecraft:powder_snow":9,"minecraft:crafting_table":5,"minecraft:short_grass":6,"minecraft:grass_block":15,"minecraft:chest":1,"minecraft:spruce_leaves":2,"minecraft:sugar_cane":7,"minecraft:large_fern":1,"minecraft:tall_seagrass":1,"minecraft:furnace":1,"minecraft:birch_leaves":2,"minecraft:pumpkin":4,"minecraft:coal_ore":24,"minecraft:oak_log":27,"minecraft:dirt":20,"minecraft:stone":28,"minecraft:oak_leaves":11},"minecraft:picked_up":{"minecraft:spruce_leaves":1,"minecraft:crafting_table":5,"minecraft:chicken":2,"minecraft:leather":11,"minecraft:golden_leggings":2,"minecraft:golden_shovel":1,"minecraft:oak_log":27,"minecraft:dirt":34,"minecraft:string":2,"minecraft:flint_and_steel":1,"minecraft:wheat_seeds":2,"minecraft:beef":15,"minecraft:oak_boat":2,"minecraft:sugar_cane":14,"minecraft:chest":1,"minecraft:oak_planks":4,"minecraft:furnace":1,"minecraft:pumpkin":4,"minecraft:porkchop":5,"minecraft:snow_block":3,"minecraft:white_bed":1,"minecraft:rotten_flesh":8,"minecraft:obsidian":1,"minecraft:mutton":18,"minecraft:coal":23,"minecraft:white_wool":7,"minecraft:cobblestone":28},"minecraft:killed_by":{"minecraft:skeleton":1},"minecraft:killed":{"minecraft:wolf":2,"minecraft:pig":2,"minecraft:spider":1,"minecraft:sheep":7,"minecraft:zombie":3,"minecraft:chicken":2,"minecraft:cow":8},"minecraft:custom":{"minecraft:interact_with_furnace":4,"minecraft:mob_kills":25,"minecraft:interact_with_crafting_table":7,"minecraft:leave_game":7,"minecraft:time_since_death":35227,"minecraft:sleep_in_bed":1,"minecraft:time_since_rest":11562,"minecraft:sprint_one_cm":137367,"minecraft:damage_taken":590,"minecraft:walk_one_cm":53744,"minecraft:drop":2,"minecraft:damage_dealt":2783,"minecraft:swim_one_cm":12227,"minecraft:fly_one_cm":164443,"minecraft:open_chest":1,"minecraft:crouch_one_cm":48,"minecraft:play_time":51773,"minecraft:deaths":1,"minecraft:sneak_time":11,"minecraft:walk_under_water_one_cm":2672,"minecraft:boat_one_cm":57819,"minecraft:jump":872,"minecraft:walk_on_water_one_cm":10546,"minecraft:total_world_time":51773,"minecraft:fall_one_cm":22022},"minecraft:used":{"minecraft:cooked_mutton":5,"minecraft:stone_sword":32,"minecraft:stone_pickaxe":36,"minecraft:wooden_pickaxe":23,"minecraft:rotten_flesh":3,"minecraft:dirt":8,"minecraft:mutton":1,"minecraft:crafting_table":5,"minecraft:white_bed":1,"minecraft:golden_shovel":27,"minecraft:wooden_axe":46,"minecraft:chicken":1,"minecraft:stone_axe":13,"minecraft:furnace":1,"minecraft:oak_boat":3}},"DataVersion":3953}