{"stats":{"minecraft:mined":{"minecraft:white_bed":35,"minecraft:farmland":50,"minecraft:brewing_stand":2,"minecraft:obsidian":11,"minecraft:grass_block":701,"minecraft:cracked_polished_blackstone_bricks":7,"minecraft:composter":4,"minecraft:hopper":10,"minecraft:nether_wart":1,"minecraft:oxeye_daisy":5,"minecraft:polished_blackstone_bricks":26,"minecraft:tall_seagrass":2,"minecraft:magma_block":29,"minecraft:iron_ore":4,"minecraft:fire":1,"minecraft:pumpkin":4,"minecraft:fletching_table":1,"minecraft:deepslate_lapis_ore":6,"minecraft:azure_bluet":5,"minecraft:water_cauldron":4,"minecraft:dirt_path":46,"minecraft:oak_stairs":1,"minecraft:deepslate_redstone_ore":14,"minecraft:blackstone":31,"minecraft:kelp_plant":1,"minecraft:smoker":2,"minecraft:powder_snow":9,"minecraft:clay":4,"minecraft:torch":10,"minecraft:blast_furnace":4,"minecraft:chest":8,"minecraft:glass":12,"minecraft:nether_quartz_ore":15,"minecraft:cobblestone":17,"minecraft:sugar_cane":126,"minecraft:oak_planks":121,"minecraft:wall_torch":1,"minecraft:cauldron":4,"minecraft:birch_log":18,"minecraft:wheat":57,"minecraft:oak_log":302,"minecraft:beetroots":4,"minecraft:oak_fence_gate":7,"minecraft:sand":127,"minecraft:dirt":505,"minecraft:stonecutter":4,"minecraft:netherrack":37,"minecraft:oak_leaves":65,"minecraft:deepslate":32,"minecraft:tuff":6,"minecraft:deepslate_diamond_ore":27,"minecraft:oak_door":4,"minecraft:ladder":1,"minecraft:spruce_leaves":2,"minecraft:red_mushroom":2,"minecraft:kelp":1,"minecraft:sandstone":1,"minecraft:large_fern":1,"minecraft:hay_block":13,"minecraft:furnace":5,"minecraft:carrots":16,"minecraft:snow":1,"minecraft:andesite":3,"minecraft:gold_block":3,"minecraft:potatoes":127,"minecraft:cobblestone_slab":11,"minecraft:deepslate_iron_ore":39,"minecraft:stone":316,"minecraft:smithing_table":2,"minecraft:oak_slab":1,"minecraft:soul_sand":7,"minecraft:snow_block":3,"minecraft:basalt":95,"minecraft:dandelion":29,"minecraft:oak_fence":29,"minecraft:crafting_table":8,"minecraft:cornflower":3,"minecraft:short_grass":813,"minecraft:lectern":88,"minecraft:campfire":2,"minecraft:tall_grass":126,"minecraft:copper_ore":8,"minecraft:deepslate_gold_ore":49,"minecraft:polished_blackstone_brick_stairs":2,"minecraft:sweet_berry_bush":1,"minecraft:birch_leaves":2,"minecraft:yellow_bed":21,"minecraft:coal_ore":93,"minecraft:gravel":6},"minecraft:broken":{"minecraft:golden_shovel":1,"minecraft:stone_axe":1,"minecraft:wooden_axe":1,"minecraft:stone_sword":1},"minecraft:custom":{"minecraft:animals_bred":11,"minecraft:interact_with_crafting_table":55,"minecraft:bell_ring":16,"minecraft:leave_game":45,"minecraft:time_since_death":270475,"minecraft:sprint_one_cm":1445527,"minecraft:damage_blocked_by_shield":1568,"minecraft:drop":210,"minecraft:talked_to_villager":111,"minecraft:play_time":1186490,"minecraft:deaths":4,"minecraft:jump":9413,"minecraft:walk_on_water_one_cm":100889,"minecraft:interact_with_furnace":15,"minecraft:traded_with_villager":15,"minecraft:sleep_in_bed":40,"minecraft:damage_dealt":30786,"minecraft:crouch_one_cm":76854,"minecraft:interact_with_smoker":5,"minecraft:mob_kills":153,"minecraft:inspect_hopper":33,"minecraft:climb_one_cm":45368,"minecraft:walk_one_cm":805054,"minecraft:sneak_time":22709,"minecraft:walk_under_water_one_cm":31555,"minecraft:boat_one_cm":242697,"minecraft:interact_with_blast_furnace":9,"minecraft:total_world_time":1186490,"minecraft:time_since_rest":53881,"minecraft:damage_taken":5509,"minecraft:swim_one_cm":96458,"minecraft:fly_one_cm":2987893,"minecraft:open_chest":427,"minecraft:fall_one_cm":195403},"minecraft:used":{"minecraft:ladder":14,"minecraft:oak_sign":9,"minecraft:chest":45,"minecraft:shield":46,"minecraft:zombie_spawn_egg":46,"minecraft:rotten_flesh":3,"minecraft:soul_sand":1,"minecraft:mutton":1,"minecraft:carrot":52,"minecraft:obsidian":14,"minecraft:glass":215,"minecraft:lava_bucket":23,"minecraft:villager_spawn_egg":3,"minecraft:grass_block":11,"minecraft:iron_helmet":1,"minecraft:bow":4,"minecraft:oak_sapling":3,"minecraft:furnace":5,"minecraft:egg":8,"minecraft:potato":122,"minecraft:golden_boots":2,"minecraft:stone_pickaxe":75,"minecraft:oak_planks":168,"minecraft:blackstone":10,"minecraft:wooden_pickaxe":23,"minecraft:composter":5,"minecraft:sugar_cane":56,"minecraft:diamond_axe":983,"minecraft:sand":1,"minecraft:blast_furnace":2,"minecraft:bread":68,"minecraft:lectern":89,"minecraft:smithing_table":1,"minecraft:oak_boat":23,"minecraft:bone_meal":88,"minecraft:oak_fence":28,"minecraft:oak_trapdoor":26,"minecraft:stone_sword":119,"minecraft:flint_and_steel":2,"minecraft:netherrack":105,"minecraft:torch":202,"minecraft:brewing_stand":1,"minecraft:dirt":1271,"minecraft:hopper":69,"minecraft:diamond_helmet":1,"minecraft:golden_shovel":33,"minecraft:oak_fence_gate":10,"minecraft:iron_hoe":135,"minecraft:wooden_axe":46,"minecraft:iron_boots":1,"minecraft:diamond_chestplate":1,"minecraft:golden_carrot":17,"minecraft:cooked_beef":4,"minecraft:cobbled_deepslate":41,"minecraft:wheat_seeds":55,"minecraft:cooked_mutton":7,"minecraft:water_bucket":111,"minecraft:baked_potato":24,"minecraft:cauldron":4,"minecraft:fletching_table":2,"minecraft:stonecutter":2,"minecraft:cobblestone_slab":2116,"minecraft:polished_blackstone_bricks":16,"minecraft:oak_slab":12,"minecraft:crafting_table":12,"minecraft:white_bed":42,"minecraft:campfire":51,"minecraft:smoker":2,"minecraft:oak_log":66,"minecraft:diamond_pickaxe":699,"minecraft:diamond_shovel":1554,"minecraft:chicken":1,"minecraft:iron_pickaxe":185,"minecraft:stone_axe":71,"minecraft:cobblestone":820,"minecraft:bucket":108,"minecraft:yellow_bed":28,"minecraft:diamond_leggings":1},"minecraft:dropped":{"minecraft:soul_sand":27,"minecraft:porkchop":3,"minecraft:diamond_axe":4,"minecraft:lapis_lazuli":87,"minecraft:cooked_beef":19,"minecraft:leather":69,"minecraft:flint":1,"minecraft:emerald":3,"minecraft:spruce_leaves":1,"minecraft:dirt":121,"minecraft:cornflower":1,"minecraft:mutton":2,"minecraft:sand":6,"minecraft:gold_ingot":60,"minecraft:bone":20,"minecraft:oak_door":2,"minecraft:gravel":2,"minecraft:stone_axe":1,"minecraft:golden_chestplate":2,"minecraft:rotten_flesh":23,"minecraft:oak_planks":8,"minecraft:diamond_shovel":3,"minecraft:white_bed":2,"minecraft:carrot":96,"minecraft:beetroot_seeds":9,"minecraft:chest":3,"minecraft:ladder":21,"minecraft:basalt":188,"minecraft:glass":1,"minecraft:quartz":2,"minecraft:netherrack":22,"minecraft:lectern":1,"minecraft:egg":2,"minecraft:golden_boots":1,"minecraft:iron_ingot":26,"minecraft:bread":25,"minecraft:wheat_seeds":92,"minecraft:diamond_leggings":1,"minecraft:cobblestone":62,"minecraft:lead":4,"minecraft:spectral_arrow":128,"minecraft:golden_apple":1,"minecraft:coal":114,"minecraft:stick":3,"minecraft:lava_bucket":1,"minecraft:torch":1,"minecraft:diamond_helmet":2,"minecraft:iron_leggings":1,"minecraft:oak_stairs":2,"minecraft:stonecutter":4,"minecraft:string":12,"minecraft:bucket":2,"minecraft:dandelion":3,"minecraft:snow_block":3,"minecraft:zombie_spawn_egg":7,"minecraft:sweet_berries":3,"minecraft:oak_trapdoor":21,"minecraft:composter":67,"minecraft:raw_iron":43,"minecraft:iron_boots":7,"minecraft:oak_sign":9,"minecraft:snow":1,"minecraft:cobblestone_slab":768,"minecraft:potato":71,"minecraft:diamond_chestplate":1,"minecraft:diamond_pickaxe":1,"minecraft:iron_chestplate":1,"minecraft:andesite":9,"minecraft:yellow_bed":1,"minecraft:oak_sapling":9,"minecraft:oak_boat":8,"minecraft:golden_sword":1,"minecraft:spider_eye":2,"minecraft:wooden_pickaxe":1},"minecraft:picked_up":{"minecraft:iron_chestplate":2,"minecraft:wheat":23,"minecraft:smithing_table":2,"minecraft:lead":24,"minecraft:oak_stairs":3,"minecraft:golden_shovel":1,"minecraft:gilded_blackstone":28,"minecraft:brewing_stand":2,"minecraft:golden_sword":1,"minecraft:polished_blackstone_brick_stairs":2,"minecraft:string":43,"minecraft:raw_copper":33,"minecraft:iron_leggings":2,"minecraft:oak_sign":9,"minecraft:diamond_leggings":1,"minecraft:gold_nugget":14,"minecraft:cobbled_deepslate":81,"minecraft:comparator":1,"minecraft:bucket":2,"minecraft:cobblestone_slab":3334,"minecraft:netherite_upgrade_smithing_template":2,"minecraft:iron_pickaxe":2,"minecraft:furnace":5,"minecraft:iron_boots":8,"minecraft:stick":19,"minecraft:composter":72,"minecraft:oak_fence":28,"minecraft:torch":23,"minecraft:snow_block":3,"minecraft:porkchop":27,"minecraft:golden_chestplate":2,"minecraft:cauldron":8,"minecraft:rotten_flesh":75,"minecraft:obsidian":11,"minecraft:cobblestone":1305,"minecraft:birch_log":18,"minecraft:magma_block":27,"minecraft:cooked_beef":19,"minecraft:magma_cream":20,"minecraft:repeater":30,"minecraft:water_bucket":2,"minecraft:andesite":15,"minecraft:golden_leggings":3,"minecraft:smoker":2,"minecraft:potato":410,"minecraft:flint":3,"minecraft:tuff":42,"minecraft:lapis_lazuli":174,"minecraft:dirt":1650,"minecraft:glass":1,"minecraft:bone":62,"minecraft:stonecutter":10,"minecraft:bow":3,"minecraft:wheat_seeds":281,"minecraft:raw_gold":125,"minecraft:diamond_helmet":1,"minecraft:fletching_table":1,"minecraft:oak_planks":122,"minecraft:cooked_porkchop":2,"minecraft:sand":127,"minecraft:grass_block":8,"minecraft:spectral_arrow":64,"minecraft:dispenser":10,"minecraft:diamond":66,"minecraft:lever":1,"minecraft:cracked_polished_blackstone_bricks":14,"minecraft:crossbow":2,"minecraft:golden_apple":1,"minecraft:emerald":4,"minecraft:bread":53,"minecraft:oak_sapling":19,"minecraft:netherrack":67,"minecraft:diamond_pickaxe":5,"minecraft:spruce_leaves":1,"minecraft:charcoal":2,"minecraft:crafting_table":9,"minecraft:azure_bluet":6,"minecraft:nether_wart":3,"minecraft:chicken":2,"minecraft:ladder":24,"minecraft:clay_ball":16,"minecraft:gold_block":3,"minecraft:chain":4,"minecraft:shield":3,"minecraft:cornflower":6,"minecraft:oak_trapdoor":25,"minecraft:flint_and_steel":1,"minecraft:snow":1,"minecraft:blackstone":45,"minecraft:beef":43,"minecraft:oak_boat":30,"minecraft:observer":11,"minecraft:poppy":11,"minecraft:lectern":89,"minecraft:chest":17,"minecraft:sugar_cane":266,"minecraft:egg":9,"minecraft:raw_iron":129,"minecraft:sandstone":1,"minecraft:oak_door":2,"minecraft:fire_charge":1,"minecraft:polished_blackstone_bricks":43,"minecraft:carrot":38,"minecraft:redstone":200,"minecraft:arrow":73,"minecraft:diamond_chestplate":1,"minecraft:beetroot_seeds":15,"minecraft:hay_block":13,"minecraft:gold_ingot":137,"minecraft:mutton":46,"minecraft:white_wool":14,"minecraft:oxeye_daisy":7,"minecraft:basalt":281,"minecraft:golden_carrot":34,"minecraft:leather":116,"minecraft:red_mushroom":2,"minecraft:oak_log":308,"minecraft:golden_boots":2,"minecraft:yellow_bed":25,"minecraft:gunpowder":7,"minecraft:apple":2,"minecraft:kelp":16,"minecraft:oak_fence_gate":7,"minecraft:iron_ingot":80,"minecraft:soul_sand":43,"minecraft:iron_sword":2,"minecraft:oak_slab":13,"minecraft:pumpkin":4,"minecraft:sweet_berries":3,"minecraft:quartz":31,"minecraft:dandelion":29,"minecraft:lava_bucket":1,"minecraft:gravel":15,"minecraft:blast_furnace":4,"minecraft:white_bed":40,"minecraft:crying_obsidian":1,"minecraft:spider_eye":11,"minecraft:diamond_shovel":7,"minecraft:campfire":49,"minecraft:stone_axe":1,"minecraft:iron_helmet":2,"minecraft:diamond_axe":5,"minecraft:baked_potato":4,"minecraft:coal":277,"minecraft:hopper":63,"minecraft:ender_pearl":1},"minecraft:crafted":{"minecraft:oak_planks":920,"minecraft:diamond_shovel":1,"minecraft:cooked_mutton":7,"minecraft:hopper":53,"minecraft:diamond_helmet":1,"minecraft:diamond_leggings":1,"minecraft:bow":1,"minecraft:iron_boots":1,"minecraft:chest":64,"minecraft:golden_boots":1,"minecraft:emerald":15,"minecraft:diamond_axe":1,"minecraft:crafting_table":5,"minecraft:iron_helmet":1,"minecraft:wooden_pickaxe":1,"minecraft:baked_potato":24,"minecraft:fletching_table":1,"minecraft:birch_planks":72,"minecraft:iron_chestplate":1,"minecraft:diamond_pickaxe":1,"minecraft:shield":1,"minecraft:stick":540,"minecraft:iron_ingot":169,"minecraft:iron_pickaxe":1,"minecraft:iron_block":429,"minecraft:stone_sword":1,"minecraft:furnace":2,"minecraft:bone_meal":228,"minecraft:iron_hoe":1,"minecraft:stone_pickaxe":1,"minecraft:wheat":117,"minecraft:cooked_beef":23,"minecraft:bucket":2,"minecraft:stone_axe":1,"minecraft:bread":36,"minecraft:air":0,"minecraft:oak_boat":6,"minecraft:white_wool":3,"minecraft:wooden_axe":1,"minecraft:white_bed":2,"minecraft:torch":108,"minecraft:diamond_chestplate":1},"minecraft:killed":{"minecraft:spider":9,"minecraft:skeleton":19,"minecraft:chicken":2,"minecraft:turtle":1,"minecraft:piglin_brute":2,"minecraft:wolf":2,"minecraft:piglin":3,"minecraft:pig":11,"minecraft:iron_golem":5,"minecraft:creeper":7,"minecraft:sheep":15,"minecraft:trader_llama":6,"minecraft:pillager":1,"minecraft:zombie":47,"minecraft:cow":12,"minecraft:horse":2,"minecraft:wandering_trader":3,"minecraft:villager":1,"minecraft:enderman":1},"minecraft:killed_by":{"minecraft:piglin_brute":1,"minecraft:skeleton":1}},"DataVersion":3953}