{"stats":{"minecraft:broken":{"minecraft:stone_sword":1,"minecraft:golden_shovel":1,"minecraft:stone_axe":1,"minecraft:wooden_axe":1},"minecraft:mined":{"minecraft:tuff":6,"minecraft:white_bed":14,"minecraft:deepslate_diamond_ore":27,"minecraft:brewing_stand":2,"minecraft:obsidian":11,"minecraft:ladder":1,"minecraft:grass_block":211,"minecraft:spruce_leaves":2,"minecraft:composter":2,"minecraft:hopper":2,"minecraft:kelp":1,"minecraft:oxeye_daisy":2,"minecraft:large_fern":1,"minecraft:hay_block":12,"minecraft:tall_seagrass":2,"minecraft:magma_block":2,"minecraft:furnace":3,"minecraft:carrots":15,"minecraft:iron_ore":4,"minecraft:snow":1,"minecraft:andesite":3,"minecraft:pumpkin":4,"minecraft:deepslate_lapis_ore":6,"minecraft:azure_bluet":1,"minecraft:potatoes":41,"minecraft:water_cauldron":4,"minecraft:deepslate_iron_ore":39,"minecraft:dirt_path":11,"minecraft:stone":120,"minecraft:smithing_table":1,"minecraft:deepslate_redstone_ore":14,"minecraft:blackstone":15,"minecraft:kelp_plant":1,"minecraft:smoker":1,"minecraft:snow_block":3,"minecraft:basalt":95,"minecraft:dandelion":10,"minecraft:powder_snow":9,"minecraft:crafting_table":6,"minecraft:cornflower":1,"minecraft:short_grass":204,"minecraft:blast_furnace":3,"minecraft:chest":2,"minecraft:nether_quartz_ore":1,"minecraft:tall_grass":18,"minecraft:cobblestone":7,"minecraft:deepslate_gold_ore":49,"minecraft:oak_planks":67,"minecraft:sugar_cane":21,"minecraft:wall_torch":1,"minecraft:cauldron":4,"minecraft:wheat":45,"minecraft:sweet_berry_bush":1,"minecraft:birch_leaves":2,"minecraft:yellow_bed":6,"minecraft:oak_log":27,"minecraft:coal_ore":54,"minecraft:beetroots":4,"minecraft:oak_fence_gate":2,"minecraft:sand":2,"minecraft:dirt":92,"minecraft:stonecutter":4,"minecraft:netherrack":28,"minecraft:oak_leaves":19,"minecraft:deepslate":32},"minecraft:killed_by":{"minecraft:skeleton":1},"minecraft:custom":{"minecraft:mob_kills":93,"minecraft:interact_with_crafting_table":26,"minecraft:bell_ring":16,"minecraft:leave_game":12,"minecraft:time_since_death":39784,"minecraft:climb_one_cm":1668,"minecraft:sprint_one_cm":675937,"minecraft:walk_one_cm":252386,"minecraft:damage_blocked_by_shield":1173,"minecraft:drop":42,"minecraft:talked_to_villager":3,"minecraft:play_time":219552,"minecraft:sneak_time":4888,"minecraft:deaths":3,"minecraft:walk_under_water_one_cm":7392,"minecraft:boat_one_cm":235544,"minecraft:jump":4429,"minecraft:interact_with_blast_furnace":9,"minecraft:walk_on_water_one_cm":51138,"minecraft:total_world_time":219552,"minecraft:interact_with_furnace":7,"minecraft:sleep_in_bed":11,"minecraft:time_since_rest":16012,"minecraft:damage_taken":3355,"minecraft:damage_dealt":16991,"minecraft:swim_one_cm":49514,"minecraft:fly_one_cm":1135594,"minecraft:open_chest":42,"minecraft:crouch_one_cm":12216,"minecraft:fall_one_cm":117908},"minecraft:used":{"minecraft:oak_trapdoor":17,"minecraft:stone_sword":119,"minecraft:flint_and_steel":2,"minecraft:ladder":14,"minecraft:oak_sign":9,"minecraft:chest":7,"minecraft:shield":35,"minecraft:rotten_flesh":3,"minecraft:netherrack":105,"minecraft:torch":149,"minecraft:brewing_stand":1,"minecraft:soul_sand":1,"minecraft:dirt":71,"minecraft:mutton":1,"minecraft:hopper":11,"minecraft:golden_shovel":33,"minecraft:oak_fence_gate":6,"minecraft:obsidian":14,"minecraft:wooden_axe":46,"minecraft:lava_bucket":3,"minecraft:iron_helmet":1,"minecraft:bow":1,"minecraft:furnace":4,"minecraft:egg":7,"minecraft:cobbled_deepslate":41,"minecraft:cooked_mutton":7,"minecraft:water_bucket":1,"minecraft:stone_pickaxe":75,"minecraft:oak_planks":94,"minecraft:cauldron":4,"minecraft:composter":1,"minecraft:wooden_pickaxe":23,"minecraft:stonecutter":2,"minecraft:sugar_cane":42,"minecraft:diamond_axe":207,"minecraft:crafting_table":8,"minecraft:blast_furnace":2,"minecraft:white_bed":15,"minecraft:smoker":1,"minecraft:diamond_pickaxe":294,"minecraft:diamond_shovel":386,"minecraft:chicken":1,"minecraft:iron_pickaxe":185,"minecraft:bread":53,"minecraft:stone_axe":71,"minecraft:cobblestone":33,"minecraft:smithing_table":1,"minecraft:bucket":3,"minecraft:yellow_bed":9,"minecraft:oak_boat":11},"minecraft:dropped":{"minecraft:wheat_seeds":17,"minecraft:diamond_axe":1,"minecraft:spruce_leaves":1,"minecraft:dirt":62,"minecraft:torch":1,"minecraft:iron_leggings":1,"minecraft:string":12,"minecraft:bone":4,"minecraft:snow_block":3,"minecraft:stone_axe":1,"minecraft:sweet_berries":3,"minecraft:composter":1,"minecraft:raw_iron":43,"minecraft:rotten_flesh":5,"minecraft:oak_planks":6,"minecraft:iron_boots":1,"minecraft:diamond_shovel":1,"minecraft:oak_sign":9,"minecraft:snow":1,"minecraft:iron_chestplate":1,"minecraft:ladder":15,"minecraft:spider_eye":2,"minecraft:basalt":188,"minecraft:wooden_pickaxe":1,"minecraft:quartz":2,"minecraft:netherrack":22},"minecraft:crafted":{"minecraft:oak_planks":108,"minecraft:furnace":1,"minecraft:diamond_shovel":1,"minecraft:cooked_mutton":7,"minecraft:hopper":4,"minecraft:iron_boots":1,"minecraft:stone_pickaxe":1,"minecraft:chest":7,"minecraft:wheat":108,"minecraft:diamond_axe":1,"minecraft:crafting_table":3,"minecraft:iron_helmet":1,"minecraft:wooden_pickaxe":1,"minecraft:bucket":1,"minecraft:stone_axe":1,"minecraft:bread":36,"minecraft:air":0,"minecraft:oak_boat":6,"minecraft:iron_chestplate":1,"minecraft:diamond_pickaxe":1,"minecraft:shield":1,"minecraft:stick":52,"minecraft:iron_ingot":43,"minecraft:iron_pickaxe":1,"minecraft:wooden_axe":1,"minecraft:stone_sword":1,"minecraft:white_bed":1,"minecraft:torch":108},"minecraft:picked_up":{"minecraft:spruce_leaves":1,"minecraft:crafting_table":7,"minecraft:iron_chestplate":1,"minecraft:wheat":7,"minecraft:azure_bluet":1,"minecraft:chicken":2,"minecraft:ladder":16,"minecraft:smithing_table":1,"minecraft:lead":2,"minecraft:golden_shovel":1,"minecraft:brewing_stand":2,"minecraft:shield":2,"minecraft:cornflower":1,"minecraft:string":30,"minecraft:flint_and_steel":1,"minecraft:snow":1,"minecraft:iron_leggings":1,"minecraft:blackstone":15,"minecraft:oak_sign":9,"minecraft:cobbled_deepslate":81,"minecraft:beef":20,"minecraft:oak_boat":10,"minecraft:poppy":2,"minecraft:iron_pickaxe":1,"minecraft:sugar_cane":50,"minecraft:chest":2,"minecraft:furnace":3,"minecraft:iron_boots":1,"minecraft:egg":7,"minecraft:stick":12,"minecraft:raw_iron":129,"minecraft:composter":3,"minecraft:torch":5,"minecraft:snow_block":3,"minecraft:porkchop":15,"minecraft:carrot":18,"minecraft:redstone":120,"minecraft:cauldron":8,"minecraft:arrow":22,"minecraft:rotten_flesh":42,"minecraft:beetroot_seeds":3,"minecraft:hay_block":12,"minecraft:obsidian":11,"minecraft:mutton":31,"minecraft:white_wool":11,"minecraft:cobblestone":133,"minecraft:oxeye_daisy":2,"minecraft:basalt":281,"minecraft:andesite":3,"minecraft:leather":16,"minecraft:golden_leggings":3,"minecraft:smoker":1,"minecraft:potato":40,"minecraft:tuff":28,"minecraft:oak_log":34,"minecraft:yellow_bed":9,"minecraft:gunpowder":7,"minecraft:lapis_lazuli":58,"minecraft:dirt":369,"minecraft:bone":21,"minecraft:stonecutter":4,"minecraft:kelp":8,"minecraft:bow":2,"minecraft:wheat_seeds":84,"minecraft:raw_gold":98,"minecraft:oak_fence_gate":2,"minecraft:iron_ingot":13,"minecraft:oak_planks":68,"minecraft:pumpkin":4,"minecraft:sweet_berries":3,"minecraft:quartz":3,"minecraft:dandelion":9,"minecraft:gravel":6,"minecraft:sand":2,"minecraft:blast_furnace":3,"minecraft:white_bed":15,"minecraft:grass_block":4,"minecraft:spider_eye":8,"minecraft:diamond_shovel":2,"minecraft:diamond":51,"minecraft:stone_axe":1,"minecraft:iron_helmet":2,"minecraft:diamond_axe":1,"minecraft:bread":30,"minecraft:netherrack":49,"minecraft:coal":86,"minecraft:hopper":6,"minecraft:ender_pearl":1,"minecraft:diamond_pickaxe":1},"minecraft:killed":{"minecraft:spider":9,"minecraft:skeleton":11,"minecraft:chicken":2,"minecraft:turtle":1,"minecraft:wolf":2,"minecraft:pig":7,"minecraft:iron_golem":3,"minecraft:wandering_trader":1,"minecraft:creeper":6,"minecraft:sheep":11,"minecraft:trader_llama":2,"minecraft:pillager":1,"minecraft:zombie":23,"minecraft:cow":11,"minecraft:enderman":1}},"DataVersion":3953}