{"stats":{"minecraft:mined":{"minecraft:white_bed":38,"minecraft:farmland":50,"minecraft:cobblestone_stairs":2,"minecraft:brewing_stand":2,"minecraft:obsidian":17,"minecraft:granite":22,"minecraft:grass_block":816,"minecraft:cracked_polished_blackstone_bricks":7,"minecraft:composter":4,"minecraft:hopper":10,"minecraft:oxeye_daisy":5,"minecraft:nether_wart":15,"minecraft:polished_blackstone_bricks":26,"minecraft:tall_seagrass":2,"minecraft:magma_block":29,"minecraft:iron_ore":5,"minecraft:fire":9,"minecraft:pumpkin":4,"minecraft:anvil":1,"minecraft:deepslate_lapis_ore":6,"minecraft:fletching_table":2,"minecraft:nether_brick_stairs":2,"minecraft:azure_bluet":5,"minecraft:water_cauldron":4,"minecraft:dirt_path":47,"minecraft:oak_stairs":1,"minecraft:deepslate_redstone_ore":14,"minecraft:blackstone":31,"minecraft:kelp_plant":1,"minecraft:smoker":2,"minecraft:powder_snow":9,"minecraft:clay":4,"minecraft:torch":11,"minecraft:blast_furnace":4,"minecraft:chest":10,"minecraft:glass":17,"minecraft:nether_quartz_ore":15,"minecraft:cobblestone":18,"minecraft:oak_planks":121,"minecraft:sugar_cane":178,"minecraft:wall_torch":4,"minecraft:cauldron":4,"minecraft:repeater":2,"minecraft:birch_log":24,"minecraft:wheat":101,"minecraft:oak_log":334,"minecraft:beetroots":4,"minecraft:oak_fence_gate":7,"minecraft:sand":146,"minecraft:dirt":556,"minecraft:stonecutter":4,"minecraft:netherrack":37,"minecraft:deepslate":58,"minecraft:oak_leaves":68,"minecraft:tuff":8,"minecraft:dark_oak_leaves":22,"minecraft:deepslate_diamond_ore":74,"minecraft:oak_door":4,"minecraft:nether_bricks":10,"minecraft:lever":1,"minecraft:ladder":1,"minecraft:redstone_wire":1,"minecraft:spruce_leaves":2,"minecraft:kelp":1,"minecraft:red_mushroom":2,"minecraft:sandstone":1,"minecraft:large_fern":1,"minecraft:hay_block":13,"minecraft:furnace":5,"minecraft:carrots":16,"minecraft:snow":1,"minecraft:andesite":22,"minecraft:gold_block":3,"minecraft:bookshelf":2,"minecraft:potatoes":127,"minecraft:deepslate_iron_ore":39,"minecraft:cobblestone_slab":17,"minecraft:stone":475,"minecraft:smithing_table":2,"minecraft:oak_slab":1,"minecraft:comparator":1,"minecraft:soul_sand":27,"minecraft:snow_block":3,"minecraft:basalt":95,"minecraft:dandelion":29,"minecraft:oak_fence":29,"minecraft:crafting_table":8,"minecraft:cornflower":3,"minecraft:short_grass":890,"minecraft:lectern":125,"minecraft:campfire":2,"minecraft:copper_ore":10,"minecraft:tall_grass":126,"minecraft:deepslate_gold_ore":53,"minecraft:polished_blackstone_brick_stairs":2,"minecraft:sweet_berry_bush":5,"minecraft:birch_leaves":2,"minecraft:yellow_bed":21,"minecraft:coal_ore":93,"minecraft:gravel":6,"minecraft:dripstone_block":4},"minecraft:broken":{"minecraft:golden_shovel":1,"minecraft:stone_axe":1,"minecraft:wooden_axe":1,"minecraft:bow":1,"minecraft:stone_sword":1},"minecraft:custom":{"minecraft:animals_bred":16,"minecraft:interact_with_crafting_table":81,"minecraft:bell_ring":16,"minecraft:leave_game":55,"minecraft:time_since_death":390654,"minecraft:sprint_one_cm":1948856,"minecraft:damage_blocked_by_shield":1568,"minecraft:drop":291,"minecraft:talked_to_villager":230,"minecraft:play_time":1745116,"minecraft:deaths":7,"minecraft:jump":13051,"minecraft:walk_on_water_one_cm":137377,"minecraft:enchant_item":4,"minecraft:interact_with_furnace":31,"minecraft:traded_with_villager":363,"minecraft:sleep_in_bed":50,"minecraft:damage_dealt":38308,"minecraft:crouch_one_cm":88016,"minecraft:interact_with_smoker":5,"minecraft:inspect_dispenser":14,"minecraft:interact_with_anvil":4,"minecraft:mob_kills":224,"minecraft:inspect_hopper":43,"minecraft:climb_one_cm":50479,"minecraft:walk_one_cm":987565,"minecraft:sneak_time":28564,"minecraft:walk_under_water_one_cm":184474,"minecraft:boat_one_cm":242920,"minecraft:interact_with_blast_furnace":9,"minecraft:total_world_time":1745116,"minecraft:interact_with_stonecutter":1,"minecraft:time_since_rest":45733,"minecraft:damage_taken":9080,"minecraft:swim_one_cm":179705,"minecraft:fly_one_cm":4143019,"minecraft:open_chest":739,"minecraft:fall_one_cm":280937},"minecraft:used":{"minecraft:dispenser":12,"minecraft:oak_sign":9,"minecraft:ladder":14,"minecraft:chest":59,"minecraft:shield":46,"minecraft:stone":1,"minecraft:zombie_spawn_egg":48,"minecraft:rotten_flesh":3,"minecraft:soul_sand":3,"minecraft:mutton":1,"minecraft:nether_bricks":6,"minecraft:carrot":52,"minecraft:tuff":1,"minecraft:obsidian":14,"minecraft:glass":321,"minecraft:lava_bucket":28,"minecraft:villager_spawn_egg":14,"minecraft:grass_block":14,"minecraft:iron_helmet":1,"minecraft:repeater":34,"minecraft:bow":70,"minecraft:oak_sapling":3,"minecraft:furnace":6,"minecraft:egg":8,"minecraft:potato":122,"minecraft:golden_boots":2,"minecraft:diamond_boots":1,"minecraft:cow_spawn_egg":11,"minecraft:stone_pickaxe":75,"minecraft:oak_planks":184,"minecraft:blackstone":10,"minecraft:ender_pearl":4,"minecraft:wooden_pickaxe":23,"minecraft:composter":5,"minecraft:sugar_cane":62,"minecraft:diamond_axe":1158,"minecraft:sand":1,"minecraft:blast_furnace":2,"minecraft:lever":2,"minecraft:bread":68,"minecraft:lectern":126,"minecraft:diamond_sword":33,"minecraft:smithing_table":1,"minecraft:oak_boat":25,"minecraft:bone_meal":88,"minecraft:experience_bottle":8,"minecraft:oak_fence":28,"minecraft:oak_trapdoor":54,"minecraft:enchanting_table":1,"minecraft:stone_sword":119,"minecraft:flint_and_steel":2,"minecraft:redstone":5,"minecraft:netherrack":105,"minecraft:oak_door":8,"minecraft:torch":343,"minecraft:brewing_stand":2,"minecraft:dirt":1526,"minecraft:anvil":2,"minecraft:hopper":75,"minecraft:diamond_helmet":1,"minecraft:golden_shovel":33,"minecraft:oak_fence_gate":15,"minecraft:iron_hoe":135,"minecraft:wooden_axe":46,"minecraft:bookshelf":17,"minecraft:iron_boots":1,"minecraft:diamond_chestplate":1,"minecraft:golden_carrot":17,"minecraft:cooked_beef":22,"minecraft:cobbled_deepslate":63,"minecraft:observer":19,"minecraft:wheat_seeds":99,"minecraft:cooked_mutton":7,"minecraft:water_bucket":143,"minecraft:cobblestone_stairs":26,"minecraft:baked_potato":57,"minecraft:cauldron":4,"minecraft:fletching_table":4,"minecraft:sheep_spawn_egg":9,"minecraft:stonecutter":3,"minecraft:cobblestone_slab":2180,"minecraft:polished_blackstone_bricks":16,"minecraft:comparator":2,"minecraft:crafting_table":12,"minecraft:oak_slab":19,"minecraft:white_bed":46,"minecraft:campfire":51,"minecraft:smoker":2,"minecraft:oak_log":76,"minecraft:ender_eye":13,"minecraft:diamond_pickaxe":1017,"minecraft:diamond_shovel":1774,"minecraft:chicken":1,"minecraft:iron_pickaxe":185,"minecraft:stone_axe":71,"minecraft:cobblestone":846,"minecraft:bucket":139,"minecraft:yellow_bed":28,"minecraft:diamond_leggings":1},"minecraft:dropped":{"minecraft:soul_sand":27,"minecraft:porkchop":3,"minecraft:diamond_axe":4,"minecraft:lapis_lazuli":87,"minecraft:cooked_beef":19,"minecraft:leather":69,"minecraft:flint":1,"minecraft:emerald":3,"minecraft:spruce_leaves":1,"minecraft:dirt":122,"minecraft:dispenser":10,"minecraft:cornflower":1,"minecraft:mutton":2,"minecraft:sand":6,"minecraft:gold_ingot":60,"minecraft:bone":20,"minecraft:oak_door":2,"minecraft:gravel":2,"minecraft:stone_axe":1,"minecraft:golden_chestplate":2,"minecraft:rotten_flesh":4247,"minecraft:oak_planks":8,"minecraft:diamond_shovel":3,"minecraft:white_bed":2,"minecraft:carrot":96,"minecraft:beetroot_seeds":9,"minecraft:chest":3,"minecraft:ladder":21,"minecraft:basalt":188,"minecraft:glass":1,"minecraft:quartz":2,"minecraft:netherrack":22,"minecraft:lectern":1,"minecraft:egg":2,"minecraft:iron_ingot":26,"minecraft:golden_boots":2,"minecraft:bread":25,"minecraft:wheat_seeds":93,"minecraft:diamond_leggings":2,"minecraft:cobblestone":62,"minecraft:lead":4,"minecraft:spectral_arrow":128,"minecraft:observer":11,"minecraft:coal":114,"minecraft:golden_apple":1,"minecraft:stick":3,"minecraft:lava_bucket":1,"minecraft:torch":1,"minecraft:diamond_helmet":2,"minecraft:iron_leggings":1,"minecraft:oak_stairs":2,"minecraft:stonecutter":4,"minecraft:string":396,"minecraft:bucket":2,"minecraft:dandelion":3,"minecraft:snow_block":3,"minecraft:zombie_spawn_egg":7,"minecraft:sweet_berries":3,"minecraft:oak_trapdoor":23,"minecraft:composter":67,"minecraft:raw_iron":43,"minecraft:iron_boots":7,"minecraft:oak_sign":9,"minecraft:snow":1,"minecraft:potato":71,"minecraft:cobblestone_slab":768,"minecraft:diamond_chestplate":1,"minecraft:iron_chestplate":1,"minecraft:diamond_pickaxe":1,"minecraft:andesite":9,"minecraft:yellow_bed":1,"minecraft:oak_boat":8,"minecraft:oak_sapling":9,"minecraft:golden_sword":1,"minecraft:spider_eye":2,"minecraft:wooden_pickaxe":1},"minecraft:picked_up":{"minecraft:iron_chestplate":2,"minecraft:wheat":67,"minecraft:anvil":1,"minecraft:smithing_table":2,"minecraft:lead":24,"minecraft:oak_stairs":3,"minecraft:golden_shovel":1,"minecraft:gilded_blackstone":28,"minecraft:brewing_stand":2,"minecraft:golden_sword":1,"minecraft:polished_blackstone_brick_stairs":2,"minecraft:string":455,"minecraft:raw_copper":39,"minecraft:iron_leggings":2,"minecraft:oak_sign":9,"minecraft:diamond_leggings":5,"minecraft:gold_nugget":14,"minecraft:cobbled_deepslate":103,"minecraft:comparator":2,"minecraft:bucket":2,"minecraft:cobblestone_slab":3343,"minecraft:ender_eye":8,"minecraft:netherite_upgrade_smithing_template":2,"minecraft:iron_pickaxe":2,"minecraft:furnace":5,"minecraft:iron_boots":8,"minecraft:stick":20,"minecraft:composter":72,"minecraft:oak_fence":28,"minecraft:torch":125,"minecraft:snow_block":3,"minecraft:porkchop":27,"minecraft:golden_chestplate":2,"minecraft:cauldron":8,"minecraft:rotten_flesh":80,"minecraft:blaze_rod":9,"minecraft:obsidian":17,"minecraft:cobblestone":2010,"minecraft:birch_log":24,"minecraft:magma_block":27,"minecraft:feather":1,"minecraft:cooked_beef":70,"minecraft:magma_cream":20,"minecraft:repeater":32,"minecraft:water_bucket":5,"minecraft:andesite":34,"minecraft:golden_leggings":3,"minecraft:smoker":2,"minecraft:potato":463,"minecraft:flint":3,"minecraft:tuff":43,"minecraft:lapis_lazuli":174,"minecraft:dirt":2076,"minecraft:glass":127,"minecraft:bone":71,"minecraft:stonecutter":11,"minecraft:bow":3,"minecraft:wheat_seeds":415,"minecraft:raw_gold":129,"minecraft:fletching_table":2,"minecraft:diamond_helmet":5,"minecraft:oak_planks":122,"minecraft:cooked_porkchop":2,"minecraft:sand":146,"minecraft:nether_brick_stairs":2,"minecraft:grass_block":10,"minecraft:spectral_arrow":64,"minecraft:dispenser":10,"minecraft:diamond":111,"minecraft:lever":2,"minecraft:cracked_polished_blackstone_bricks":14,"minecraft:crossbow":2,"minecraft:golden_apple":1,"minecraft:emerald":8,"minecraft:bread":53,"minecraft:oak_sapling":23,"minecraft:netherrack":67,"minecraft:diamond_pickaxe":8,"minecraft:spruce_leaves":1,"minecraft:charcoal":10,"minecraft:crafting_table":9,"minecraft:azure_bluet":6,"minecraft:ladder":24,"minecraft:chicken":3,"minecraft:nether_wart":26,"minecraft:clay_ball":16,"minecraft:gold_block":3,"minecraft:chain":4,"minecraft:shield":3,"minecraft:cornflower":6,"minecraft:oak_trapdoor":26,"minecraft:flint_and_steel":1,"minecraft:snow":1,"minecraft:blackstone":45,"minecraft:beef":124,"minecraft:oak_boat":30,"minecraft:observer":11,"minecraft:poppy":11,"minecraft:lectern":126,"minecraft:sugar_cane":374,"minecraft:chest":22,"minecraft:egg":9,"minecraft:raw_iron":130,"minecraft:sandstone":1,"minecraft:oak_door":2,"minecraft:fire_charge":1,"minecraft:polished_blackstone_bricks":43,"minecraft:carrot":38,"minecraft:redstone":217,"minecraft:arrow":114,"minecraft:diamond_chestplate":4,"minecraft:beetroot_seeds":15,"minecraft:nether_bricks":9,"minecraft:diamond_boots":2,"minecraft:hay_block":13,"minecraft:gold_ingot":137,"minecraft:mutton":50,"minecraft:white_wool":17,"minecraft:oxeye_daisy":7,"minecraft:basalt":281,"minecraft:golden_carrot":34,"minecraft:leather":143,"minecraft:red_mushroom":2,"minecraft:oak_log":340,"minecraft:golden_boots":3,"minecraft:yellow_bed":25,"minecraft:gunpowder":8,"minecraft:cobblestone_stairs":2,"minecraft:apple":3,"minecraft:kelp":16,"minecraft:iron_ingot":83,"minecraft:oak_fence_gate":7,"minecraft:iron_sword":2,"minecraft:soul_sand":63,"minecraft:book":6,"minecraft:oak_slab":13,"minecraft:pumpkin":4,"minecraft:sweet_berries":13,"minecraft:quartz":31,"minecraft:dandelion":29,"minecraft:gravel":15,"minecraft:lava_bucket":3,"minecraft:blast_furnace":4,"minecraft:white_bed":44,"minecraft:crying_obsidian":1,"minecraft:spider_eye":11,"minecraft:diamond_shovel":10,"minecraft:campfire":49,"minecraft:stone_axe":1,"minecraft:iron_helmet":2,"minecraft:diamond_axe":8,"minecraft:baked_potato":98,"minecraft:hopper":63,"minecraft:coal":277,"minecraft:ender_pearl":3},"minecraft:crafted":{"minecraft:oak_planks":1072,"minecraft:blaze_powder":14,"minecraft:diamond_shovel":1,"minecraft:bookshelf":18,"minecraft:cooked_mutton":7,"minecraft:hopper":60,"minecraft:diamond_helmet":1,"minecraft:bow":5,"minecraft:diamond_leggings":1,"minecraft:iron_boots":1,"minecraft:chest":79,"minecraft:ender_eye":5,"minecraft:golden_boots":1,"minecraft:emerald":271,"minecraft:diamond_axe":1,"minecraft:crafting_table":5,"minecraft:iron_helmet":1,"minecraft:wooden_pickaxe":1,"minecraft:baked_potato":132,"minecraft:fletching_table":1,"minecraft:birch_planks":96,"minecraft:iron_chestplate":1,"minecraft:book":51,"minecraft:paper":300,"minecraft:diamond_pickaxe":1,"minecraft:shield":1,"minecraft:stick":672,"minecraft:iron_ingot":169,"minecraft:iron_pickaxe":1,"minecraft:iron_block":693,"minecraft:stone_sword":1,"minecraft:redstone":48,"minecraft:experience_bottle":8,"minecraft:furnace":3,"minecraft:bone_meal":228,"minecraft:iron_hoe":1,"minecraft:ender_pearl":24,"minecraft:stone_pickaxe":1,"minecraft:diamond_boots":1,"minecraft:wheat":117,"minecraft:cooked_beef":50,"minecraft:diamond_sword":1,"minecraft:enchanting_table":1,"minecraft:bucket":2,"minecraft:stone_axe":1,"minecraft:glowstone":5,"minecraft:enchanted_book":2,"minecraft:air":0,"minecraft:bread":36,"minecraft:oak_boat":6,"minecraft:white_wool":23,"minecraft:wooden_axe":1,"minecraft:white_bed":3,"minecraft:torch":108,"minecraft:lapis_lazuli":24,"minecraft:diamond_chestplate":1,"minecraft:firework_rocket":441},"minecraft:killed":{"minecraft:spider":9,"minecraft:skeleton":24,"minecraft:chicken":2,"minecraft:turtle":1,"minecraft:piglin_brute":2,"minecraft:wolf":2,"minecraft:magma_cube":3,"minecraft:piglin":3,"minecraft:pig":11,"minecraft:iron_golem":6,"minecraft:creeper":7,"minecraft:sheep":18,"minecraft:trader_llama":6,"minecraft:pillager":1,"minecraft:zombie":53,"minecraft:ghast":3,"minecraft:cow":39,"minecraft:blaze":16,"minecraft:horse":2,"minecraft:drowned":1,"minecraft:wandering_trader":3,"minecraft:villager":1,"minecraft:enderman":4},"minecraft:killed_by":{"minecraft:piglin_brute":1,"minecraft:skeleton":1}},"DataVersion":3953}