{"stats":{"minecraft:crafted":{"minecraft:oak_sign":3,"minecraft:blaze_powder":14,"minecraft:diamond_shovel":1,"minecraft:bookshelf":21,"minecraft:cooked_mutton":7,"minecraft:shulker_box":2,"minecraft:iron_bars":16,"minecraft:glass":37,"minecraft:diamond_helmet":2,"minecraft:diamond_leggings":2,"minecraft:gray_bed":1,"minecraft:glass_bottle":3,"minecraft:emerald":794,"minecraft:diamond_axe":1,"minecraft:smithing_table":1,"minecraft:fletching_table":1,"minecraft:crafter":1,"minecraft:stone_slab":12,"minecraft:iron_pickaxe":1,"minecraft:iron_block":734,"minecraft:jukebox":1,"minecraft:experience_bottle":32,"minecraft:diamond_hoe":1,"minecraft:bone_meal":420,"minecraft:white_carpet":267,"minecraft:ender_pearl":26,"minecraft:stone_pickaxe":1,"minecraft:diamond_boots":2,"minecraft:wheat":117,"minecraft:enchanting_table":1,"minecraft:glowstone":5,"minecraft:enchanted_book":13,"minecraft:golden_apple":4,"minecraft:wooden_axe":1,"minecraft:white_bed":3,"minecraft:grindstone":1,"minecraft:oak_planks":1280,"minecraft:birch_wood":3,"minecraft:stone":3,"minecraft:hopper":74,"minecraft:bow":5,"minecraft:iron_boots":1,"minecraft:chest":118,"minecraft:ender_eye":13,"minecraft:stone_bricks":552,"minecraft:golden_boots":1,"minecraft:dropper":1,"minecraft:crafting_table":8,"minecraft:wooden_pickaxe":1,"minecraft:baked_potato":201,"minecraft:iron_helmet":1,"minecraft:birch_planks":292,"minecraft:brewing_stand":1,"minecraft:book":51,"minecraft:iron_chestplate":1,"minecraft:paper":363,"minecraft:diamond_pickaxe":3,"minecraft:emerald_block":1,"minecraft:shield":1,"minecraft:stick":716,"minecraft:iron_ingot":178,"minecraft:stone_sword":1,"minecraft:shears":2,"minecraft:redstone":136,"minecraft:furnace":3,"minecraft:piston":9,"minecraft:flint_and_steel":1,"minecraft:iron_hoe":1,"minecraft:observer":8,"minecraft:cooked_beef":50,"minecraft:diamond_sword":1,"minecraft:bucket":2,"minecraft:stone_axe":1,"minecraft:air":0,"minecraft:bread":36,"minecraft:oak_boat":6,"minecraft:white_wool":159,"minecraft:anvil":1,"minecraft:torch":108,"minecraft:lapis_lazuli":72,"minecraft:diamond_chestplate":2,"minecraft:firework_rocket":630},"minecraft:used":{"minecraft:dispenser":12,"minecraft:ladder":14,"minecraft:elytra":51,"minecraft:chest":76,"minecraft:stone":31,"minecraft:rotten_flesh":3,"minecraft:soul_sand":3,"minecraft:crafter":1,"minecraft:lava_bucket":28,"minecraft:villager_spawn_egg":14,"minecraft:grass_block":14,"minecraft:bow":213,"minecraft:furnace":6,"minecraft:oak_sapling":3,"minecraft:egg":11,"minecraft:potato":122,"minecraft:dragon_head":1,"minecraft:cow_spawn_egg":11,"minecraft:chorus_fruit":1,"minecraft:blackstone":10,"minecraft:wooden_pickaxe":23,"minecraft:composter":5,"minecraft:purpur_pillar":1,"minecraft:oak_leaves":132,"minecraft:golden_apple":1,"minecraft:sand":1,"minecraft:blast_furnace":2,"minecraft:lectern":126,"minecraft:diamond_sword":741,"minecraft:smithing_table":2,"minecraft:oak_boat":25,"minecraft:oak_trapdoor":63,"minecraft:iron_bars":1,"minecraft:enchanting_table":1,"minecraft:stone_sword":119,"minecraft:netherrack":267,"minecraft:torch":369,"minecraft:dragon_egg":1,"minecraft:brewing_stand":3,"minecraft:anvil":4,"minecraft:golden_shovel":33,"minecraft:oak_fence_gate":15,"minecraft:chipped_anvil":1,"minecraft:diamond_chestplate":49,"minecraft:cobbled_deepslate":63,"minecraft:observer":54,"minecraft:wheat_seeds":99,"minecraft:water_bucket":204,"minecraft:cauldron":4,"minecraft:fletching_table":4,"minecraft:sheep_spawn_egg":9,"minecraft:polished_blackstone_bricks":16,"minecraft:rail":6,"minecraft:comparator":5,"minecraft:oak_slab":21,"minecraft:crafting_table":14,"minecraft:campfire":51,"minecraft:white_bed":46,"minecraft:oak_log":76,"minecraft:mud":18,"minecraft:ender_eye":27,"minecraft:diamond_pickaxe":4147,"minecraft:diamond_shovel":4492,"minecraft:iron_pickaxe":185,"minecraft:cobblestone":955,"minecraft:potion":9,"minecraft:jukebox":1,"minecraft:diamond_leggings":1,"minecraft:oak_sign":10,"minecraft:diamond_hoe":385,"minecraft:shield":46,"minecraft:zombie_spawn_egg":48,"minecraft:mutton":1,"minecraft:nether_bricks":49,"minecraft:carrot":52,"minecraft:tuff":1,"minecraft:obsidian":24,"minecraft:glass":450,"minecraft:iron_helmet":1,"minecraft:hopper_minecart":4,"minecraft:stone_bricks":764,"minecraft:deepslate_diamond_ore":4,"minecraft:repeater":34,"minecraft:gray_bed":1,"minecraft:golden_boots":2,"minecraft:diamond_boots":3,"minecraft:dropper":10,"minecraft:stone_pickaxe":75,"minecraft:oak_planks":216,"minecraft:birch_wood":2,"minecraft:ender_pearl":41,"minecraft:sugar_cane":84,"minecraft:diamond_axe":1526,"minecraft:stone_brick_wall":8,"minecraft:note_block":2,"minecraft:end_stone":105,"minecraft:shears":238,"minecraft:sticky_piston":4,"minecraft:lever":4,"minecraft:firework_rocket":425,"minecraft:bread":68,"minecraft:string":1,"minecraft:deepslate":3,"minecraft:grindstone":2,"minecraft:andesite":26,"minecraft:smooth_stone_slab":1,"minecraft:air":9,"minecraft:bone_meal":199,"minecraft:experience_bottle":32,"minecraft:oak_fence":28,"minecraft:purpur_block":1,"minecraft:flint_and_steel":6,"minecraft:redstone":31,"minecraft:ender_chest":1,"minecraft:oak_door":8,"minecraft:dirt":1601,"minecraft:white_carpet":240,"minecraft:hopper":108,"minecraft:diamond_helmet":1,"minecraft:shulker_box":19,"minecraft:granite":2,"minecraft:iron_hoe":135,"minecraft:wooden_axe":46,"minecraft:bookshelf":21,"minecraft:iron_boots":1,"minecraft:golden_carrot":17,"minecraft:emerald_block":1,"minecraft:minecart":3,"minecraft:cooked_beef":50,"minecraft:cooked_mutton":7,"minecraft:cobblestone_stairs":26,"minecraft:glass_bottle":9,"minecraft:baked_potato":193,"minecraft:stonecutter":3,"minecraft:cobblestone_slab":2180,"minecraft:red_mushroom":5,"minecraft:smoker":2,"minecraft:piston":57,"minecraft:chicken":1,"minecraft:stone_axe":71,"minecraft:bucket":199,"minecraft:yellow_bed":28},"minecraft:custom":{"minecraft:interact_with_crafting_table":133,"minecraft:bell_ring":16,"minecraft:leave_game":90,"minecraft:time_since_death":780459,"minecraft:damage_blocked_by_shield":1568,"minecraft:play_time":2791898,"minecraft:deaths":11,"minecraft:jump":17656,"minecraft:enchant_item":53,"minecraft:interact_with_furnace":50,"minecraft:play_record":1,"minecraft:traded_with_villager":1018,"minecraft:sleep_in_bed":70,"minecraft:damage_dealt":73249,"minecraft:interact_with_smoker":5,"minecraft:inspect_dispenser":14,"minecraft:interact_with_smithing_table":3,"minecraft:inspect_dropper":5,"minecraft:interact_with_anvil":27,"minecraft:inspect_hopper":86,"minecraft:sneak_time":70693,"minecraft:interact_with_blast_furnace":9,"minecraft:total_world_time":2791898,"minecraft:tune_noteblock":1,"minecraft:interact_with_stonecutter":4,"minecraft:time_since_rest":63641,"minecraft:swim_one_cm":201668,"minecraft:fly_one_cm":5332694,"minecraft:open_chest":1524,"minecraft:fall_one_cm":411072,"minecraft:animals_bred":17,"minecraft:open_shulker_box":113,"minecraft:sprint_one_cm":3410859,"minecraft:drop":792,"minecraft:talked_to_villager":333,"minecraft:walk_on_water_one_cm":187462,"minecraft:open_enderchest":2,"minecraft:crouch_one_cm":214196,"minecraft:mob_kills":2396,"minecraft:climb_one_cm":65102,"minecraft:walk_one_cm":1670754,"minecraft:walk_under_water_one_cm":263314,"minecraft:boat_one_cm":242920,"minecraft:interact_with_grindstone":30,"minecraft:damage_taken":17958,"minecraft:damage_absorbed":40,"minecraft:aviate_one_cm":12626685},"minecraft:broken":{"minecraft:shears":1,"minecraft:bow":1,"minecraft:stone_sword":1,"minecraft:golden_shovel":1,"minecraft:stone_axe":1,"minecraft:wooden_axe":1},"minecraft:dropped":{"minecraft:piston":26,"minecraft:porkchop":3,"minecraft:lapis_lazuli":87,"minecraft:cooked_beef":19,"minecraft:crafting_table":2,"minecraft:cracked_stone_bricks":74,"minecraft:rail":8,"minecraft:emerald":3,"minecraft:dirt":204,"minecraft:bone_meal":1,"minecraft:sand":6,"minecraft:bone":25,"minecraft:oak_door":2,"minecraft:stone_axe":1,"minecraft:sugar_cane":3,"minecraft:lever":2,"minecraft:detector_rail":5,"minecraft:golden_chestplate":2,"minecraft:cobbled_deepslate":27,"minecraft:obsidian":20,"minecraft:rotten_flesh":4306,"minecraft:oak_planks":8,"minecraft:end_stone":7,"minecraft:white_bed":2,"minecraft:echo_shard":14,"minecraft:coal_ore":4,"minecraft:hopper":64,"minecraft:ladder":21,"minecraft:end_stone_bricks":3,"minecraft:glass":1,"minecraft:beef":81,"minecraft:stone_brick_stairs":72,"minecraft:lectern":1,"minecraft:egg":4,"minecraft:iron_ingot":26,"minecraft:golden_boots":2,"minecraft:wheat_seeds":138,"minecraft:dripstone_block":5,"minecraft:purpur_slab":1,"minecraft:cobblestone":259,"minecraft:granite":52,"minecraft:coal":114,"minecraft:golden_apple":5,"minecraft:lava_bucket":6,"minecraft:iron_trapdoor":14,"minecraft:diamond_helmet":2,"minecraft:oak_stairs":2,"minecraft:string":415,"minecraft:snow_block":3,"minecraft:purpur_pillar":4,"minecraft:zombie_spawn_egg":7,"minecraft:stone_sword":3,"minecraft:deepslate":209,"minecraft:sticky_piston":3,"minecraft:iron_boots":7,"minecraft:name_tag":1,"minecraft:oak_sign":9,"minecraft:diamond_sword":3,"minecraft:cobblestone_slab":768,"minecraft:potato":71,"minecraft:stone":75,"minecraft:diamond_pickaxe":1,"minecraft:yellow_bed":1,"minecraft:spider_eye":2,"minecraft:stone_bricks":116,"minecraft:bow":1,"minecraft:gold_ore":2,"minecraft:soul_sand":27,"minecraft:birch_planks":3,"minecraft:diamond_axe":4,"minecraft:baked_potato":5,"minecraft:ender_pearl":4524,"minecraft:leather":69,"minecraft:flint":53,"minecraft:spruce_leaves":1,"minecraft:dispenser":20,"minecraft:cornflower":1,"minecraft:mutton":2,"minecraft:cauldron":5,"minecraft:gold_ingot":60,"minecraft:gravel":3,"minecraft:purpur_block":2,"minecraft:diamond_shovel":3,"minecraft:carrot":96,"minecraft:dropper":10,"minecraft:beetroot_seeds":10,"minecraft:stone_brick_wall":64,"minecraft:chest":67,"minecraft:basalt":188,"minecraft:iron_bars":45,"minecraft:arrow":589,"minecraft:powered_rail":64,"minecraft:quartz":2,"minecraft:oak_leaves":7,"minecraft:netherrack":102,"minecraft:firework_rocket":126,"minecraft:water_bucket":3,"minecraft:bread":25,"minecraft:minecart":1,"minecraft:diamond_leggings":2,"minecraft:lead":4,"minecraft:sculk_vein":7,"minecraft:spectral_arrow":128,"minecraft:observer":50,"minecraft:stick":3,"minecraft:diorite":16,"minecraft:torch":1,"minecraft:repeater":5,"minecraft:iron_door":5,"minecraft:iron_leggings":1,"minecraft:stonecutter":4,"minecraft:bucket":3,"minecraft:dandelion":3,"minecraft:redstone_block":5,"minecraft:redstone":23,"minecraft:sweet_berries":13,"minecraft:oak_trapdoor":35,"minecraft:raw_copper":6,"minecraft:tuff":109,"minecraft:composter":67,"minecraft:raw_iron":45,"minecraft:light_gray_wool":1,"minecraft:comparator":2,"minecraft:shulker_box":6,"minecraft:glass_pane":64,"minecraft:snow":1,"minecraft:diamond_chestplate":3,"minecraft:iron_chestplate":1,"minecraft:andesite":105,"minecraft:mossy_stone_bricks":72,"minecraft:blue_ice":2,"minecraft:oak_boat":24,"minecraft:oak_sapling":10,"minecraft:golden_sword":2,"minecraft:wooden_pickaxe":1},"minecraft:killed_by":{"minecraft:piglin_brute":1,"minecraft:ender_dragon":1,"minecraft:skeleton":1},"minecraft:killed":{"minecraft:cave_spider":1,"minecraft:shulker":21,"minecraft:skeleton":31,"minecraft:chicken":2,"minecraft:cat":1,"minecraft:magma_cube":8,"minecraft:iron_golem":6,"minecraft:ender_dragon":1,"minecraft:pillager":1,"minecraft:zombie":59,"minecraft:cow":39,"minecraft:horse":2,"minecraft:wandering_trader":3,"minecraft:enderman":2096,"minecraft:spider":11,"minecraft:silverfish":10,"minecraft:turtle":1,"minecraft:piglin_brute":2,"minecraft:wolf":2,"minecraft:piglin":4,"minecraft:pig":11,"minecraft:creeper":7,"minecraft:sheep":18,"minecraft:trader_llama":6,"minecraft:ghast":4,"minecraft:blaze":19,"minecraft:drowned":1,"minecraft:wither_skeleton":18,"minecraft:villager":1},"minecraft:picked_up":{"minecraft:iron_chestplate":2,"minecraft:anvil":1,"minecraft:diamond_sword":7,"minecraft:smithing_table":2,"minecraft:lead":24,"minecraft:oak_stairs":3,"minecraft:golden_shovel":1,"minecraft:enchanted_book":2,"minecraft:brewing_stand":2,"minecraft:golden_sword":2,"minecraft:polished_blackstone_brick_stairs":2,"minecraft:string":470,"minecraft:diamond_leggings":8,"minecraft:cobbled_deepslate":132,"minecraft:gold_nugget":14,"minecraft:netherite_upgrade_smithing_template":2,"minecraft:composter":72,"minecraft:purpur_pillar":5,"minecraft:golden_chestplate":2,"minecraft:cauldron":13,"minecraft:stone_sword":3,"minecraft:end_rod":2,"minecraft:blaze_rod":19,"minecraft:iron_bars":55,"minecraft:birch_log":79,"minecraft:magma_block":27,"minecraft:feather":1,"minecraft:cooked_beef":124,"minecraft:iron_door":5,"minecraft:water_bucket":10,"minecraft:smoker":2,"minecraft:flint":56,"minecraft:chipped_anvil":1,"minecraft:stonecutter":11,"minecraft:diamond_helmet":8,"minecraft:dropper":10,"minecraft:dispenser":20,"minecraft:deepslate":214,"minecraft:lever":5,"minecraft:blue_ice":2,"minecraft:granite":54,"minecraft:bread":53,"minecraft:diamond_pickaxe":11,"minecraft:spruce_leaves":1,"minecraft:mud":18,"minecraft:crafting_table":12,"minecraft:nether_wart":26,"minecraft:clay_ball":16,"minecraft:dragon_head":1,"minecraft:purpur_block":16,"minecraft:cornflower":7,"minecraft:elytra":3,"minecraft:flint_and_steel":1,"minecraft:snow":1,"minecraft:white_carpet":101,"minecraft:iron_shovel":1,"minecraft:glass_pane":64,"minecraft:cracked_stone_bricks":74,"minecraft:deepslate_diamond_ore":4,"minecraft:music_disc_otherside":1,"minecraft:beef":178,"minecraft:poppy":11,"minecraft:minecart":1,"minecraft:chest":90,"minecraft:birch_sapling":2,"minecraft:piston":48,"minecraft:egg":14,"minecraft:copper_ore":7,"minecraft:sandstone":1,"minecraft:stone":731,"minecraft:oak_door":2,"minecraft:fire_charge":1,"minecraft:carrot":38,"minecraft:redstone":251,"minecraft:diamond_chestplate":9,"minecraft:beetroot_seeds":16,"minecraft:diamond_boots":5,"minecraft:hay_block":13,"minecraft:purpur_slab":1,"minecraft:gold_ingot":137,"minecraft:mutton":52,"minecraft:white_wool":67,"minecraft:rail":8,"minecraft:oxeye_daisy":7,"minecraft:red_mushroom":66,"minecraft:oak_log":391,"minecraft:golden_boots":3,"minecraft:sculk_vein":8,"minecraft:stone_bricks":186,"minecraft:apple":4,"minecraft:kelp":16,"minecraft:oak_fence_gate":7,"minecraft:iron_sword":2,"minecraft:sweet_berries":13,"minecraft:gravel":16,"minecraft:crying_obsidian":1,"minecraft:dragon_egg":1,"minecraft:firework_rocket":1010,"minecraft:diamond_shovel":13,"minecraft:coal_ore":4,"minecraft:stone_axe":1,"minecraft:diamond_axe":11,"minecraft:gray_wool":3,"minecraft:baked_potato":142,"minecraft:hopper":136,"minecraft:ender_pearl":3717,"minecraft:shulker_shell":10,"minecraft:wheat":67,"minecraft:redstone_block":5,"minecraft:ender_chest":3,"minecraft:iron_trapdoor":14,"minecraft:gilded_blackstone":28,"minecraft:stone_brick_stairs":72,"minecraft:raw_copper":39,"minecraft:smooth_stone_slab":1,"minecraft:iron_leggings":3,"minecraft:sticky_piston":5,"minecraft:oak_sign":9,"minecraft:comparator":4,"minecraft:bucket":4,"minecraft:eye_armor_trim_smithing_template":10,"minecraft:cobblestone_slab":3343,"minecraft:ender_eye":9,"minecraft:iron_pickaxe":2,"minecraft:furnace":5,"minecraft:iron_boots":8,"minecraft:stick":20,"minecraft:oak_fence":28,"minecraft:torch":132,"minecraft:porkchop":27,"minecraft:snow_block":3,"minecraft:diorite":16,"minecraft:rotten_flesh":90,"minecraft:obsidian":41,"minecraft:blaze_powder":2,"minecraft:cobblestone":2136,"minecraft:magma_cream":24,"minecraft:repeater":37,"minecraft:andesite":137,"minecraft:golden_leggings":3,"minecraft:potato":463,"minecraft:tuff":152,"minecraft:dirt":3780,"minecraft:lapis_lazuli":235,"minecraft:name_tag":2,"minecraft:glass":198,"minecraft:bone":132,"minecraft:bow":6,"minecraft:wheat_seeds":464,"minecraft:raw_gold":129,"minecraft:birch_wood":1,"minecraft:grindstone":1,"minecraft:mossy_stone_bricks":73,"minecraft:fletching_table":2,"minecraft:powered_rail":64,"minecraft:oak_planks":154,"minecraft:ghast_tear":2,"minecraft:cooked_porkchop":2,"minecraft:sand":146,"minecraft:nether_brick_stairs":2,"minecraft:grass_block":10,"minecraft:spectral_arrow":64,"minecraft:shulker_box":19,"minecraft:diamond":143,"minecraft:cracked_polished_blackstone_bricks":14,"minecraft:crossbow":2,"minecraft:bone_meal":1,"minecraft:golden_apple":5,"minecraft:emerald":8,"minecraft:oak_sapling":24,"minecraft:netherrack":557,"minecraft:chorus_fruit":10,"minecraft:oak_leaves":215,"minecraft:end_stone_bricks":13,"minecraft:charcoal":10,"minecraft:azure_bluet":6,"minecraft:chicken":3,"minecraft:ladder":24,"minecraft:stone_brick_wall":64,"minecraft:gold_block":3,"minecraft:diamond_horse_armor":2,"minecraft:chain":4,"minecraft:shield":3,"minecraft:oak_trapdoor":38,"minecraft:blackstone":45,"minecraft:detector_rail":5,"minecraft:echo_shard":14,"minecraft:oak_boat":38,"minecraft:observer":62,"minecraft:light_gray_wool":1,"minecraft:lectern":126,"minecraft:sugar_cane":567,"minecraft:raw_iron":132,"minecraft:end_stone":112,"minecraft:polished_blackstone_bricks":43,"minecraft:arrow":339,"minecraft:nether_bricks":66,"minecraft:saddle":2,"minecraft:skeleton_skull":1,"minecraft:basalt":281,"minecraft:golden_carrot":34,"minecraft:leather":143,"minecraft:birch_planks":3,"minecraft:yellow_bed":25,"minecraft:gunpowder":8,"minecraft:cobblestone_stairs":2,"minecraft:deepslate_tile_slab":1,"minecraft:iron_ingot":142,"minecraft:soul_sand":63,"minecraft:book":18,"minecraft:oak_slab":15,"minecraft:nether_quartz_ore":8,"minecraft:pumpkin":4,"minecraft:quartz":31,"minecraft:dandelion":29,"minecraft:dripstone_block":6,"minecraft:lava_bucket":8,"minecraft:blast_furnace":4,"minecraft:white_bed":44,"minecraft:gold_ore":2,"minecraft:spider_eye":11,"minecraft:campfire":49,"minecraft:iron_helmet":3,"minecraft:coal":315},"minecraft:mined":{"minecraft:dragon_wall_head":1,"minecraft:white_bed":38,"minecraft:obsidian":30,"minecraft:granite":165,"minecraft:purpur_slab":1,"minecraft:hopper":19,"minecraft:nether_wart":15,"minecraft:oxeye_daisy":5,"minecraft:spawner":2,"minecraft:polished_blackstone_bricks":26,"minecraft:tall_seagrass":2,"minecraft:magma_block":29,"minecraft:sticky_piston":2,"minecraft:cobbled_deepslate":2,"minecraft:fire":15,"minecraft:pumpkin":4,"minecraft:fletching_table":2,"minecraft:deepslate_lapis_ore":6,"minecraft:nether_brick_stairs":2,"minecraft:sculk_shrieker":10,"minecraft:water_cauldron":4,"minecraft:dirt_path":47,"minecraft:oak_stairs":1,"minecraft:tripwire":1,"minecraft:kelp_plant":1,"minecraft:smoker":2,"minecraft:deepslate_tile_slab":1,"minecraft:powder_snow":9,"minecraft:torch":12,"minecraft:blast_furnace":4,"minecraft:glass":91,"minecraft:sugar_cane":215,"minecraft:amethyst_block":4,"minecraft:skeleton_skull":1,"minecraft:repeater":2,"minecraft:mud":18,"minecraft:wheat":101,"minecraft:stone_brick_stairs":8,"minecraft:oak_fence_gate":7,"minecraft:smooth_basalt":5,"minecraft:red_mushroom_block":180,"minecraft:stonecutter":4,"minecraft:piston":22,"minecraft:deepslate":344,"minecraft:dark_oak_log":2,"minecraft:shulker_box":16,"minecraft:end_stone":116,"minecraft:nether_bricks":70,"minecraft:redstone_wire":1,"minecraft:red_mushroom":4,"minecraft:kelp":1,"minecraft:snow":1,"minecraft:andesite":118,"minecraft:potatoes":127,"minecraft:cobblestone_slab":17,"minecraft:ender_chest":3,"minecraft:smithing_table":2,"minecraft:oak_slab":1,"minecraft:comparator":1,"minecraft:soul_sand":27,"minecraft:stone_brick_slab":1,"minecraft:observer":13,"minecraft:dandelion":29,"minecraft:cornflower":3,"minecraft:short_grass":949,"minecraft:campfire":2,"minecraft:purpur_pillar":3,"minecraft:tall_grass":128,"minecraft:copper_ore":17,"minecraft:deepslate_gold_ore":53,"minecraft:diorite":8,"minecraft:white_carpet":108,"minecraft:birch_leaves":3,"minecraft:gravel":55,"minecraft:dripstone_block":11,"minecraft:cobweb":12,"minecraft:stone_bricks":217,"minecraft:chipped_anvil":1,"minecraft:gold_ore":1,"minecraft:farmland":50,"minecraft:cobblestone_stairs":2,"minecraft:sculk_vein":43,"minecraft:brewing_stand":2,"minecraft:grass_block":2298,"minecraft:cracked_polished_blackstone_bricks":7,"minecraft:composter":4,"minecraft:iron_ore":6,"minecraft:anvil":1,"minecraft:azure_bluet":5,"minecraft:iron_bars":45,"minecraft:end_stone_bricks":12,"minecraft:deepslate_redstone_ore":14,"minecraft:blackstone":31,"minecraft:clay":4,"minecraft:calcite":6,"minecraft:chest":14,"minecraft:mushroom_stem":16,"minecraft:nether_quartz_ore":23,"minecraft:cobblestone":64,"minecraft:grindstone":1,"minecraft:oak_planks":157,"minecraft:iron_door":23,"minecraft:wall_torch":6,"minecraft:cauldron":4,"minecraft:birch_log":79,"minecraft:purpur_block":18,"minecraft:smooth_stone_slab":1,"minecraft:oak_log":385,"minecraft:beetroots":4,"minecraft:sand":146,"minecraft:dirt":1692,"minecraft:netherrack":503,"minecraft:oak_leaves":322,"minecraft:tuff":81,"minecraft:dark_oak_leaves":28,"minecraft:deepslate_diamond_ore":88,"minecraft:oak_door":4,"minecraft:lever":2,"minecraft:ladder":1,"minecraft:spruce_leaves":2,"minecraft:sandstone":1,"minecraft:large_fern":1,"minecraft:hay_block":13,"minecraft:furnace":5,"minecraft:carrots":16,"minecraft:gold_block":3,"minecraft:bookshelf":6,"minecraft:deepslate_iron_ore":39,"minecraft:chorus_plant":1,"minecraft:stone":1579,"minecraft:infested_stone_bricks":12,"minecraft:snow_block":3,"minecraft:basalt":95,"minecraft:oak_fence":30,"minecraft:crafting_table":10,"minecraft:sculk_sensor":67,"minecraft:lectern":125,"minecraft:lapis_ore":4,"minecraft:polished_blackstone_brick_stairs":2,"minecraft:sculk":188,"minecraft:gray_wool":4,"minecraft:sweet_berry_bush":5,"minecraft:gray_bed":1,"minecraft:yellow_bed":21,"minecraft:coal_ore":102,"minecraft:end_rod":2,"minecraft:cracked_stone_bricks":57,"minecraft:mossy_stone_bricks":84}},"DataVersion":3955}