{"stats":{"minecraft:picked_up":{"minecraft:iron_chestplate":2,"minecraft:wheat":14,"minecraft:smithing_table":2,"minecraft:lead":17,"minecraft:oak_stairs":3,"minecraft:golden_shovel":1,"minecraft:gilded_blackstone":28,"minecraft:brewing_stand":2,"minecraft:golden_sword":1,"minecraft:polished_blackstone_brick_stairs":2,"minecraft:string":43,"minecraft:iron_leggings":2,"minecraft:oak_sign":9,"minecraft:gold_nugget":14,"minecraft:cobbled_deepslate":81,"minecraft:netherite_upgrade_smithing_template":2,"minecraft:iron_pickaxe":2,"minecraft:furnace":5,"minecraft:iron_boots":8,"minecraft:stick":14,"minecraft:composter":72,"minecraft:oak_fence":28,"minecraft:torch":22,"minecraft:snow_block":3,"minecraft:porkchop":22,"minecraft:golden_chestplate":2,"minecraft:cauldron":8,"minecraft:rotten_flesh":75,"minecraft:obsidian":11,"minecraft:cobblestone":334,"minecraft:magma_block":27,"minecraft:magma_cream":20,"minecraft:andesite":15,"minecraft:golden_leggings":3,"minecraft:smoker":2,"minecraft:potato":193,"minecraft:tuff":42,"minecraft:lapis_lazuli":174,"minecraft:dirt":1196,"minecraft:glass":1,"minecraft:bone":58,"minecraft:stonecutter":10,"minecraft:bow":3,"minecraft:wheat_seeds":249,"minecraft:raw_gold":125,"minecraft:oak_planks":91,"minecraft:cooked_porkchop":2,"minecraft:sand":127,"minecraft:grass_block":8,"minecraft:spectral_arrow":64,"minecraft:diamond":66,"minecraft:cracked_polished_blackstone_bricks":14,"minecraft:crossbow":2,"minecraft:bread":53,"minecraft:emerald":4,"minecraft:oak_sapling":11,"minecraft:netherrack":67,"minecraft:diamond_pickaxe":4,"minecraft:spruce_leaves":1,"minecraft:crafting_table":9,"minecraft:azure_bluet":6,"minecraft:nether_wart":3,"minecraft:chicken":2,"minecraft:ladder":24,"minecraft:clay_ball":16,"minecraft:gold_block":3,"minecraft:chain":4,"minecraft:shield":3,"minecraft:cornflower":6,"minecraft:oak_trapdoor":25,"minecraft:flint_and_steel":1,"minecraft:snow":1,"minecraft:blackstone":45,"minecraft:beef":40,"minecraft:oak_boat":27,"minecraft:poppy":11,"minecraft:chest":9,"minecraft:sugar_cane":241,"minecraft:egg":8,"minecraft:raw_iron":129,"minecraft:sandstone":1,"minecraft:oak_door":2,"minecraft:fire_charge":1,"minecraft:polished_blackstone_bricks":43,"minecraft:carrot":38,"minecraft:redstone":180,"minecraft:arrow":72,"minecraft:beetroot_seeds":15,"minecraft:hay_block":13,"minecraft:gold_ingot":137,"minecraft:mutton":45,"minecraft:white_wool":13,"minecraft:oxeye_daisy":7,"minecraft:basalt":281,"minecraft:golden_carrot":34,"minecraft:leather":115,"minecraft:oak_log":91,"minecraft:golden_boots":1,"minecraft:yellow_bed":25,"minecraft:gunpowder":7,"minecraft:kelp":16,"minecraft:oak_fence_gate":7,"minecraft:iron_ingot":79,"minecraft:soul_sand":43,"minecraft:iron_sword":2,"minecraft:oak_slab":12,"minecraft:pumpkin":4,"minecraft:sweet_berries":3,"minecraft:quartz":31,"minecraft:dandelion":27,"minecraft:gravel":9,"minecraft:blast_furnace":4,"minecraft:white_bed":39,"minecraft:crying_obsidian":1,"minecraft:spider_eye":11,"minecraft:diamond_shovel":5,"minecraft:stone_axe":1,"minecraft:iron_helmet":2,"minecraft:diamond_axe":3,"minecraft:baked_potato":4,"minecraft:coal":277,"minecraft:hopper":7,"minecraft:ender_pearl":1},"minecraft:used":{"minecraft:ladder":14,"minecraft:oak_sign":9,"minecraft:chest":19,"minecraft:shield":46,"minecraft:zombie_spawn_egg":46,"minecraft:rotten_flesh":3,"minecraft:soul_sand":1,"minecraft:mutton":1,"minecraft:carrot":52,"minecraft:obsidian":14,"minecraft:glass":215,"minecraft:lava_bucket":3,"minecraft:villager_spawn_egg":3,"minecraft:iron_helmet":1,"minecraft:bow":4,"minecraft:furnace":5,"minecraft:egg":7,"minecraft:potato":78,"minecraft:golden_boots":1,"minecraft:stone_pickaxe":75,"minecraft:oak_planks":125,"minecraft:blackstone":10,"minecraft:wooden_pickaxe":23,"minecraft:composter":5,"minecraft:sugar_cane":56,"minecraft:diamond_axe":569,"minecraft:blast_furnace":2,"minecraft:bread":68,"minecraft:smithing_table":1,"minecraft:oak_boat":19,"minecraft:bone_meal":84,"minecraft:oak_fence":28,"minecraft:oak_trapdoor":26,"minecraft:stone_sword":119,"minecraft:flint_and_steel":2,"minecraft:netherrack":105,"minecraft:torch":197,"minecraft:brewing_stand":1,"minecraft:dirt":1021,"minecraft:hopper":13,"minecraft:golden_shovel":33,"minecraft:oak_fence_gate":10,"minecraft:iron_hoe":135,"minecraft:wooden_axe":46,"minecraft:iron_boots":1,"minecraft:golden_carrot":7,"minecraft:cobbled_deepslate":41,"minecraft:wheat_seeds":46,"minecraft:cooked_mutton":7,"minecraft:water_bucket":4,"minecraft:baked_potato":20,"minecraft:cauldron":4,"minecraft:stonecutter":2,"minecraft:polished_blackstone_bricks":16,"minecraft:oak_slab":7,"minecraft:crafting_table":11,"minecraft:white_bed":41,"minecraft:smoker":2,"minecraft:oak_log":47,"minecraft:diamond_pickaxe":523,"minecraft:diamond_shovel":1166,"minecraft:chicken":1,"minecraft:iron_pickaxe":185,"minecraft:stone_axe":71,"minecraft:cobblestone":100,"minecraft:bucket":5,"minecraft:yellow_bed":28},"minecraft:dropped":{"minecraft:soul_sand":27,"minecraft:diamond_axe":2,"minecraft:lapis_lazuli":87,"minecraft:leather":69,"minecraft:emerald":3,"minecraft:spruce_leaves":1,"minecraft:dirt":118,"minecraft:cornflower":1,"minecraft:mutton":2,"minecraft:sand":6,"minecraft:gold_ingot":60,"minecraft:bone":20,"minecraft:oak_door":2,"minecraft:stone_axe":1,"minecraft:golden_chestplate":2,"minecraft:rotten_flesh":23,"minecraft:oak_planks":8,"minecraft:diamond_shovel":1,"minecraft:white_bed":2,"minecraft:carrot":96,"minecraft:beetroot_seeds":9,"minecraft:ladder":21,"minecraft:basalt":188,"minecraft:glass":1,"minecraft:quartz":2,"minecraft:netherrack":22,"minecraft:egg":2,"minecraft:iron_ingot":26,"minecraft:bread":25,"minecraft:wheat_seeds":76,"minecraft:lead":4,"minecraft:cobblestone":59,"minecraft:spectral_arrow":128,"minecraft:coal":114,"minecraft:stick":2,"minecraft:torch":1,"minecraft:iron_leggings":1,"minecraft:oak_stairs":2,"minecraft:stonecutter":4,"minecraft:string":12,"minecraft:dandelion":3,"minecraft:snow_block":3,"minecraft:zombie_spawn_egg":7,"minecraft:sweet_berries":3,"minecraft:oak_trapdoor":21,"minecraft:raw_iron":43,"minecraft:composter":67,"minecraft:iron_boots":7,"minecraft:oak_sign":9,"minecraft:snow":1,"minecraft:potato":18,"minecraft:iron_chestplate":1,"minecraft:andesite":9,"minecraft:yellow_bed":1,"minecraft:oak_sapling":9,"minecraft:oak_boat":8,"minecraft:golden_sword":1,"minecraft:spider_eye":2,"minecraft:wooden_pickaxe":1},"minecraft:broken":{"minecraft:golden_shovel":1,"minecraft:stone_axe":1,"minecraft:wooden_axe":1,"minecraft:stone_sword":1},"minecraft:custom":{"minecraft:animals_bred":2,"minecraft:interact_with_crafting_table":34,"minecraft:bell_ring":16,"minecraft:leave_game":30,"minecraft:time_since_death":58563,"minecraft:sprint_one_cm":1158244,"minecraft:damage_blocked_by_shield":1568,"minecraft:drop":168,"minecraft:talked_to_villager":5,"minecraft:play_time":974578,"minecraft:deaths":4,"minecraft:jump":7208,"minecraft:walk_on_water_one_cm":64614,"minecraft:interact_with_furnace":8,"minecraft:sleep_in_bed":27,"minecraft:damage_dealt":29542,"minecraft:crouch_one_cm":20872,"minecraft:interact_with_smoker":5,"minecraft:mob_kills":146,"minecraft:inspect_hopper":28,"minecraft:climb_one_cm":40470,"minecraft:walk_one_cm":605836,"minecraft:sneak_time":8051,"minecraft:walk_under_water_one_cm":14151,"minecraft:boat_one_cm":242697,"minecraft:interact_with_blast_furnace":9,"minecraft:total_world_time":974578,"minecraft:time_since_rest":10452,"minecraft:damage_taken":4921,"minecraft:swim_one_cm":55210,"minecraft:fly_one_cm":2204206,"minecraft:open_chest":253,"minecraft:fall_one_cm":158784},"minecraft:mined":{"minecraft:white_bed":34,"minecraft:farmland":50,"minecraft:brewing_stand":2,"minecraft:obsidian":11,"minecraft:grass_block":482,"minecraft:cracked_polished_blackstone_bricks":7,"minecraft:composter":4,"minecraft:hopper":3,"minecraft:nether_wart":1,"minecraft:oxeye_daisy":5,"minecraft:polished_blackstone_bricks":26,"minecraft:tall_seagrass":2,"minecraft:magma_block":29,"minecraft:iron_ore":4,"minecraft:fire":1,"minecraft:pumpkin":4,"minecraft:deepslate_lapis_ore":6,"minecraft:azure_bluet":5,"minecraft:water_cauldron":4,"minecraft:dirt_path":46,"minecraft:oak_stairs":1,"minecraft:deepslate_redstone_ore":14,"minecraft:blackstone":31,"minecraft:kelp_plant":1,"minecraft:smoker":2,"minecraft:powder_snow":9,"minecraft:clay":4,"minecraft:torch":10,"minecraft:blast_furnace":4,"minecraft:chest":7,"minecraft:glass":12,"minecraft:nether_quartz_ore":15,"minecraft:cobblestone":9,"minecraft:sugar_cane":115,"minecraft:oak_planks":90,"minecraft:wall_torch":1,"minecraft:cauldron":4,"minecraft:wheat":48,"minecraft:oak_log":85,"minecraft:beetroots":4,"minecraft:oak_fence_gate":7,"minecraft:sand":127,"minecraft:dirt":332,"minecraft:stonecutter":4,"minecraft:netherrack":37,"minecraft:oak_leaves":19,"minecraft:deepslate":32,"minecraft:tuff":6,"minecraft:deepslate_diamond_ore":27,"minecraft:oak_door":4,"minecraft:ladder":1,"minecraft:spruce_leaves":2,"minecraft:kelp":1,"minecraft:sandstone":1,"minecraft:large_fern":1,"minecraft:hay_block":13,"minecraft:furnace":5,"minecraft:carrots":16,"minecraft:snow":1,"minecraft:andesite":3,"minecraft:gold_block":3,"minecraft:potatoes":83,"minecraft:deepslate_iron_ore":39,"minecraft:stone":188,"minecraft:smithing_table":2,"minecraft:soul_sand":7,"minecraft:snow_block":3,"minecraft:basalt":95,"minecraft:dandelion":26,"minecraft:oak_fence":29,"minecraft:crafting_table":8,"minecraft:cornflower":3,"minecraft:short_grass":741,"minecraft:tall_grass":122,"minecraft:deepslate_gold_ore":49,"minecraft:polished_blackstone_brick_stairs":2,"minecraft:sweet_berry_bush":1,"minecraft:birch_leaves":2,"minecraft:yellow_bed":21,"minecraft:coal_ore":93},"minecraft:killed":{"minecraft:spider":9,"minecraft:skeleton":18,"minecraft:chicken":2,"minecraft:turtle":1,"minecraft:piglin_brute":2,"minecraft:wolf":2,"minecraft:piglin":3,"minecraft:pig":9,"minecraft:iron_golem":5,"minecraft:creeper":7,"minecraft:sheep":14,"minecraft:trader_llama":6,"minecraft:pillager":1,"minecraft:zombie":47,"minecraft:cow":11,"minecraft:wandering_trader":3,"minecraft:villager":1,"minecraft:enderman":1},"minecraft:killed_by":{"minecraft:piglin_brute":1,"minecraft:skeleton":1},"minecraft:crafted":{"minecraft:oak_planks":148,"minecraft:diamond_shovel":1,"minecraft:cooked_mutton":7,"minecraft:hopper":4,"minecraft:diamond_helmet":1,"minecraft:diamond_leggings":1,"minecraft:bow":1,"minecraft:iron_boots":1,"minecraft:chest":11,"minecraft:golden_boots":1,"minecraft:diamond_axe":1,"minecraft:crafting_table":4,"minecraft:iron_helmet":1,"minecraft:wooden_pickaxe":1,"minecraft:baked_potato":24,"minecraft:iron_chestplate":1,"minecraft:diamond_pickaxe":1,"minecraft:shield":1,"minecraft:stick":60,"minecraft:iron_ingot":43,"minecraft:iron_pickaxe":1,"minecraft:stone_sword":1,"minecraft:furnace":2,"minecraft:bone_meal":222,"minecraft:iron_hoe":1,"minecraft:stone_pickaxe":1,"minecraft:wheat":117,"minecraft:bucket":1,"minecraft:stone_axe":1,"minecraft:bread":36,"minecraft:air":0,"minecraft:oak_boat":6,"minecraft:wooden_axe":1,"minecraft:white_bed":1,"minecraft:torch":108,"minecraft:diamond_chestplate":1}},"DataVersion":3953}