{"stats":{"minecraft:crafted":{"minecraft:oak_planks":944,"minecraft:diamond_shovel":1,"minecraft:bookshelf":11,"minecraft:cooked_mutton":7,"minecraft:hopper":53,"minecraft:diamond_helmet":1,"minecraft:diamond_leggings":1,"minecraft:bow":1,"minecraft:iron_boots":1,"minecraft:chest":64,"minecraft:golden_boots":1,"minecraft:emerald":148,"minecraft:diamond_axe":1,"minecraft:crafting_table":5,"minecraft:iron_helmet":1,"minecraft:wooden_pickaxe":1,"minecraft:baked_potato":81,"minecraft:fletching_table":1,"minecraft:birch_planks":72,"minecraft:book":31,"minecraft:iron_chestplate":1,"minecraft:paper":93,"minecraft:diamond_pickaxe":1,"minecraft:shield":1,"minecraft:stick":540,"minecraft:iron_ingot":169,"minecraft:iron_pickaxe":1,"minecraft:iron_block":556,"minecraft:stone_sword":1,"minecraft:furnace":2,"minecraft:bone_meal":228,"minecraft:iron_hoe":1,"minecraft:stone_pickaxe":1,"minecraft:diamond_boots":1,"minecraft:wheat":117,"minecraft:cooked_beef":23,"minecraft:enchanting_table":1,"minecraft:bucket":2,"minecraft:stone_axe":1,"minecraft:enchanted_book":2,"minecraft:bread":36,"minecraft:air":0,"minecraft:oak_boat":6,"minecraft:white_wool":23,"minecraft:wooden_axe":1,"minecraft:white_bed":3,"minecraft:torch":108,"minecraft:diamond_chestplate":1},"minecraft:used":{"minecraft:dispenser":12,"minecraft:ladder":14,"minecraft:oak_sign":9,"minecraft:chest":51,"minecraft:shield":46,"minecraft:stone":1,"minecraft:zombie_spawn_egg":48,"minecraft:rotten_flesh":3,"minecraft:soul_sand":3,"minecraft:mutton":1,"minecraft:carrot":52,"minecraft:tuff":1,"minecraft:obsidian":14,"minecraft:glass":321,"minecraft:lava_bucket":27,"minecraft:villager_spawn_egg":13,"minecraft:grass_block":14,"minecraft:iron_helmet":1,"minecraft:repeater":34,"minecraft:bow":15,"minecraft:oak_sapling":3,"minecraft:furnace":5,"minecraft:egg":8,"minecraft:potato":122,"minecraft:golden_boots":2,"minecraft:cow_spawn_egg":11,"minecraft:diamond_boots":1,"minecraft:stone_pickaxe":75,"minecraft:oak_planks":176,"minecraft:blackstone":10,"minecraft:wooden_pickaxe":23,"minecraft:composter":5,"minecraft:sugar_cane":56,"minecraft:diamond_axe":1090,"minecraft:sand":1,"minecraft:blast_furnace":2,"minecraft:lever":2,"minecraft:bread":68,"minecraft:lectern":126,"minecraft:smithing_table":1,"minecraft:oak_boat":25,"minecraft:bone_meal":88,"minecraft:oak_fence":28,"minecraft:oak_trapdoor":54,"minecraft:enchanting_table":1,"minecraft:stone_sword":119,"minecraft:flint_and_steel":2,"minecraft:redstone":5,"minecraft:netherrack":105,"minecraft:oak_door":8,"minecraft:torch":314,"minecraft:brewing_stand":1,"minecraft:dirt":1504,"minecraft:anvil":2,"minecraft:hopper":72,"minecraft:diamond_helmet":1,"minecraft:golden_shovel":33,"minecraft:oak_fence_gate":15,"minecraft:iron_hoe":135,"minecraft:wooden_axe":46,"minecraft:bookshelf":11,"minecraft:iron_boots":1,"minecraft:diamond_chestplate":1,"minecraft:golden_carrot":17,"minecraft:cooked_beef":7,"minecraft:cobbled_deepslate":63,"minecraft:observer":19,"minecraft:wheat_seeds":99,"minecraft:cooked_mutton":7,"minecraft:water_bucket":129,"minecraft:cobblestone_stairs":26,"minecraft:baked_potato":44,"minecraft:sheep_spawn_egg":9,"minecraft:cauldron":4,"minecraft:fletching_table":4,"minecraft:stonecutter":3,"minecraft:cobblestone_slab":2180,"minecraft:polished_blackstone_bricks":16,"minecraft:comparator":2,"minecraft:oak_slab":16,"minecraft:crafting_table":12,"minecraft:white_bed":46,"minecraft:campfire":51,"minecraft:smoker":2,"minecraft:oak_log":72,"minecraft:diamond_pickaxe":809,"minecraft:diamond_shovel":1692,"minecraft:chicken":1,"minecraft:iron_pickaxe":185,"minecraft:stone_axe":71,"minecraft:cobblestone":821,"minecraft:bucket":124,"minecraft:yellow_bed":28,"minecraft:diamond_leggings":1},"minecraft:custom":{"minecraft:animals_bred":16,"minecraft:interact_with_crafting_table":66,"minecraft:bell_ring":16,"minecraft:leave_game":51,"minecraft:time_since_death":212143,"minecraft:sprint_one_cm":1647885,"minecraft:damage_blocked_by_shield":1568,"minecraft:drop":217,"minecraft:talked_to_villager":179,"minecraft:play_time":1566605,"minecraft:deaths":7,"minecraft:jump":11069,"minecraft:walk_on_water_one_cm":128656,"minecraft:interact_with_furnace":18,"minecraft:traded_with_villager":151,"minecraft:sleep_in_bed":44,"minecraft:damage_dealt":35479,"minecraft:crouch_one_cm":85256,"minecraft:interact_with_smoker":5,"minecraft:inspect_dispenser":14,"minecraft:interact_with_anvil":2,"minecraft:mob_kills":180,"minecraft:inspect_hopper":33,"minecraft:climb_one_cm":48777,"minecraft:walk_one_cm":923066,"minecraft:sneak_time":27045,"minecraft:walk_under_water_one_cm":164239,"minecraft:boat_one_cm":242920,"minecraft:interact_with_blast_furnace":9,"minecraft:total_world_time":1566605,"minecraft:interact_with_stonecutter":1,"minecraft:time_since_rest":212174,"minecraft:damage_taken":7671,"minecraft:swim_one_cm":157170,"minecraft:fly_one_cm":3485404,"minecraft:open_chest":551,"minecraft:fall_one_cm":242601},"minecraft:broken":{"minecraft:golden_shovel":1,"minecraft:stone_axe":1,"minecraft:wooden_axe":1,"minecraft:bow":1,"minecraft:stone_sword":1},"minecraft:dropped":{"minecraft:soul_sand":27,"minecraft:porkchop":3,"minecraft:diamond_axe":4,"minecraft:lapis_lazuli":87,"minecraft:cooked_beef":19,"minecraft:leather":69,"minecraft:flint":1,"minecraft:emerald":3,"minecraft:spruce_leaves":1,"minecraft:dirt":121,"minecraft:dispenser":10,"minecraft:cornflower":1,"minecraft:mutton":2,"minecraft:sand":6,"minecraft:gold_ingot":60,"minecraft:bone":20,"minecraft:oak_door":2,"minecraft:gravel":2,"minecraft:stone_axe":1,"minecraft:golden_chestplate":2,"minecraft:rotten_flesh":23,"minecraft:oak_planks":8,"minecraft:diamond_shovel":3,"minecraft:white_bed":2,"minecraft:carrot":96,"minecraft:beetroot_seeds":9,"minecraft:chest":3,"minecraft:ladder":21,"minecraft:basalt":188,"minecraft:glass":1,"minecraft:quartz":2,"minecraft:netherrack":22,"minecraft:lectern":1,"minecraft:egg":2,"minecraft:iron_ingot":26,"minecraft:golden_boots":2,"minecraft:bread":25,"minecraft:wheat_seeds":93,"minecraft:diamond_leggings":2,"minecraft:cobblestone":62,"minecraft:lead":4,"minecraft:spectral_arrow":128,"minecraft:observer":11,"minecraft:coal":114,"minecraft:golden_apple":1,"minecraft:stick":3,"minecraft:lava_bucket":1,"minecraft:torch":1,"minecraft:diamond_helmet":2,"minecraft:iron_leggings":1,"minecraft:oak_stairs":2,"minecraft:stonecutter":4,"minecraft:string":12,"minecraft:bucket":2,"minecraft:dandelion":3,"minecraft:snow_block":3,"minecraft:zombie_spawn_egg":7,"minecraft:sweet_berries":3,"minecraft:oak_trapdoor":23,"minecraft:composter":67,"minecraft:raw_iron":43,"minecraft:iron_boots":7,"minecraft:oak_sign":9,"minecraft:snow":1,"minecraft:cobblestone_slab":768,"minecraft:potato":71,"minecraft:diamond_chestplate":1,"minecraft:iron_chestplate":1,"minecraft:diamond_pickaxe":1,"minecraft:andesite":9,"minecraft:yellow_bed":1,"minecraft:oak_boat":8,"minecraft:oak_sapling":9,"minecraft:golden_sword":1,"minecraft:spider_eye":2,"minecraft:wooden_pickaxe":1},"minecraft:killed":{"minecraft:spider":9,"minecraft:skeleton":23,"minecraft:chicken":2,"minecraft:turtle":1,"minecraft:piglin_brute":2,"minecraft:wolf":2,"minecraft:piglin":3,"minecraft:pig":11,"minecraft:iron_golem":6,"minecraft:creeper":7,"minecraft:sheep":17,"minecraft:trader_llama":6,"minecraft:pillager":1,"minecraft:zombie":51,"minecraft:cow":23,"minecraft:horse":2,"minecraft:drowned":1,"minecraft:wandering_trader":3,"minecraft:villager":1,"minecraft:enderman":3},"minecraft:killed_by":{"minecraft:piglin_brute":1,"minecraft:skeleton":1},"minecraft:picked_up":{"minecraft:iron_chestplate":2,"minecraft:wheat":67,"minecraft:anvil":1,"minecraft:smithing_table":2,"minecraft:lead":24,"minecraft:oak_stairs":3,"minecraft:golden_shovel":1,"minecraft:gilded_blackstone":28,"minecraft:brewing_stand":2,"minecraft:golden_sword":1,"minecraft:polished_blackstone_brick_stairs":2,"minecraft:string":43,"minecraft:raw_copper":33,"minecraft:iron_leggings":2,"minecraft:oak_sign":9,"minecraft:diamond_leggings":5,"minecraft:gold_nugget":14,"minecraft:cobbled_deepslate":103,"minecraft:comparator":2,"minecraft:bucket":2,"minecraft:cobblestone_slab":3343,"minecraft:netherite_upgrade_smithing_template":2,"minecraft:iron_pickaxe":2,"minecraft:furnace":5,"minecraft:iron_boots":8,"minecraft:stick":19,"minecraft:composter":72,"minecraft:oak_fence":28,"minecraft:torch":121,"minecraft:snow_block":3,"minecraft:porkchop":27,"minecraft:golden_chestplate":2,"minecraft:cauldron":8,"minecraft:rotten_flesh":79,"minecraft:obsidian":17,"minecraft:cobblestone":1878,"minecraft:birch_log":18,"minecraft:magma_block":27,"minecraft:magma_cream":20,"minecraft:feather":1,"minecraft:cooked_beef":70,"minecraft:repeater":32,"minecraft:water_bucket":5,"minecraft:andesite":15,"minecraft:golden_leggings":3,"minecraft:smoker":2,"minecraft:potato":463,"minecraft:flint":3,"minecraft:tuff":43,"minecraft:lapis_lazuli":174,"minecraft:dirt":2035,"minecraft:glass":127,"minecraft:bone":68,"minecraft:stonecutter":11,"minecraft:bow":3,"minecraft:wheat_seeds":414,"minecraft:raw_gold":129,"minecraft:diamond_helmet":5,"minecraft:fletching_table":2,"minecraft:oak_planks":122,"minecraft:cooked_porkchop":2,"minecraft:sand":146,"minecraft:grass_block":10,"minecraft:spectral_arrow":64,"minecraft:dispenser":10,"minecraft:diamond":111,"minecraft:lever":2,"minecraft:cracked_polished_blackstone_bricks":14,"minecraft:crossbow":2,"minecraft:golden_apple":1,"minecraft:emerald":4,"minecraft:bread":53,"minecraft:oak_sapling":19,"minecraft:netherrack":67,"minecraft:diamond_pickaxe":8,"minecraft:spruce_leaves":1,"minecraft:charcoal":10,"minecraft:crafting_table":9,"minecraft:azure_bluet":6,"minecraft:ladder":24,"minecraft:chicken":3,"minecraft:nether_wart":3,"minecraft:clay_ball":16,"minecraft:gold_block":3,"minecraft:chain":4,"minecraft:shield":3,"minecraft:cornflower":6,"minecraft:oak_trapdoor":26,"minecraft:flint_and_steel":1,"minecraft:snow":1,"minecraft:blackstone":45,"minecraft:beef":97,"minecraft:oak_boat":30,"minecraft:observer":11,"minecraft:chest":22,"minecraft:poppy":11,"minecraft:lectern":126,"minecraft:sugar_cane":287,"minecraft:egg":9,"minecraft:raw_iron":130,"minecraft:sandstone":1,"minecraft:oak_door":2,"minecraft:fire_charge":1,"minecraft:polished_blackstone_bricks":43,"minecraft:carrot":38,"minecraft:redstone":217,"minecraft:arrow":112,"minecraft:diamond_chestplate":4,"minecraft:beetroot_seeds":15,"minecraft:diamond_boots":2,"minecraft:hay_block":13,"minecraft:gold_ingot":137,"minecraft:mutton":49,"minecraft:white_wool":16,"minecraft:oxeye_daisy":7,"minecraft:basalt":281,"minecraft:golden_carrot":34,"minecraft:leather":123,"minecraft:red_mushroom":2,"minecraft:oak_log":308,"minecraft:golden_boots":3,"minecraft:yellow_bed":25,"minecraft:gunpowder":8,"minecraft:cobblestone_stairs":2,"minecraft:apple":2,"minecraft:kelp":16,"minecraft:oak_fence_gate":7,"minecraft:iron_ingot":83,"minecraft:soul_sand":43,"minecraft:iron_sword":2,"minecraft:book":3,"minecraft:oak_slab":13,"minecraft:pumpkin":4,"minecraft:sweet_berries":3,"minecraft:quartz":31,"minecraft:dandelion":29,"minecraft:gravel":15,"minecraft:lava_bucket":3,"minecraft:blast_furnace":4,"minecraft:white_bed":44,"minecraft:crying_obsidian":1,"minecraft:spider_eye":11,"minecraft:diamond_shovel":10,"minecraft:campfire":49,"minecraft:stone_axe":1,"minecraft:iron_helmet":2,"minecraft:diamond_axe":8,"minecraft:baked_potato":98,"minecraft:coal":277,"minecraft:hopper":63,"minecraft:ender_pearl":2},"minecraft:mined":{"minecraft:white_bed":38,"minecraft:farmland":50,"minecraft:cobblestone_stairs":2,"minecraft:brewing_stand":2,"minecraft:obsidian":17,"minecraft:grass_block":795,"minecraft:cracked_polished_blackstone_bricks":7,"minecraft:composter":4,"minecraft:hopper":10,"minecraft:nether_wart":1,"minecraft:oxeye_daisy":5,"minecraft:polished_blackstone_bricks":26,"minecraft:tall_seagrass":2,"minecraft:magma_block":29,"minecraft:iron_ore":5,"minecraft:fire":1,"minecraft:pumpkin":4,"minecraft:anvil":1,"minecraft:fletching_table":2,"minecraft:deepslate_lapis_ore":6,"minecraft:azure_bluet":5,"minecraft:water_cauldron":4,"minecraft:dirt_path":47,"minecraft:oak_stairs":1,"minecraft:deepslate_redstone_ore":14,"minecraft:blackstone":31,"minecraft:kelp_plant":1,"minecraft:smoker":2,"minecraft:powder_snow":9,"minecraft:clay":4,"minecraft:torch":11,"minecraft:blast_furnace":4,"minecraft:chest":10,"minecraft:glass":15,"minecraft:nether_quartz_ore":15,"minecraft:cobblestone":18,"minecraft:sugar_cane":133,"minecraft:oak_planks":121,"minecraft:wall_torch":1,"minecraft:cauldron":4,"minecraft:repeater":2,"minecraft:birch_log":18,"minecraft:wheat":101,"minecraft:oak_log":302,"minecraft:beetroots":4,"minecraft:oak_fence_gate":7,"minecraft:sand":146,"minecraft:dirt":536,"minecraft:stonecutter":4,"minecraft:netherrack":37,"minecraft:oak_leaves":65,"minecraft:deepslate":55,"minecraft:tuff":8,"minecraft:deepslate_diamond_ore":74,"minecraft:oak_door":4,"minecraft:lever":1,"minecraft:ladder":1,"minecraft:redstone_wire":1,"minecraft:spruce_leaves":2,"minecraft:red_mushroom":2,"minecraft:kelp":1,"minecraft:sandstone":1,"minecraft:large_fern":1,"minecraft:hay_block":13,"minecraft:furnace":5,"minecraft:carrots":16,"minecraft:snow":1,"minecraft:andesite":3,"minecraft:gold_block":3,"minecraft:bookshelf":1,"minecraft:potatoes":127,"minecraft:deepslate_iron_ore":39,"minecraft:cobblestone_slab":17,"minecraft:stone":330,"minecraft:smithing_table":2,"minecraft:oak_slab":1,"minecraft:comparator":1,"minecraft:soul_sand":7,"minecraft:snow_block":3,"minecraft:basalt":95,"minecraft:dandelion":29,"minecraft:oak_fence":29,"minecraft:crafting_table":8,"minecraft:cornflower":3,"minecraft:short_grass":881,"minecraft:lectern":125,"minecraft:campfire":2,"minecraft:tall_grass":126,"minecraft:copper_ore":8,"minecraft:deepslate_gold_ore":53,"minecraft:polished_blackstone_brick_stairs":2,"minecraft:sweet_berry_bush":1,"minecraft:birch_leaves":2,"minecraft:yellow_bed":21,"minecraft:coal_ore":93,"minecraft:gravel":6}},"DataVersion":3953}